"year","state","election_date","start_date","end_date","sample_size","poll_date","pollster","poll_dem","poll_rep"
2020,"Alabama",2020-11-03,2020-10-27,2020-11-01,1045,2020-10-29,"Data for Progress",38,58
2020,"Alabama",2020-11-03,2020-10-27,2020-11-01,330,2020-10-29,"Swayable",37.8,55
2020,"Alabama",2020-11-03,2020-10-20,2020-11-01,1608,2020-10-26,"SurveyMonkey",39,58
2020,"Alabama",2020-11-03,2020-10-20,2020-11-01,1608,2020-10-26,"SurveyMonkey",36,62
2020,"Alabama",2020-11-03,2020-10-18,2020-10-31,1714,2020-10-24,"SurveyMonkey",41,56
2020,"Alabama",2020-11-03,2020-10-18,2020-10-31,1714,2020-10-24,"SurveyMonkey",38,60
2020,"Alabama",2020-11-03,2020-10-17,2020-10-30,1752,2020-10-23,"SurveyMonkey",41,56
2020,"Alabama",2020-11-03,2020-10-17,2020-10-30,1752,2020-10-23,"SurveyMonkey",38,60
2020,"Alabama",2020-11-03,2020-10-16,2020-10-29,1786,2020-10-22,"SurveyMonkey",41,56
2020,"Alabama",2020-11-03,2020-10-16,2020-10-29,1786,2020-10-22,"SurveyMonkey",38,60
2020,"Alabama",2020-11-03,2020-10-23,2020-10-28,853,2020-10-25,"Auburn University at Montgomery",38.9,58.1
2020,"Alabama",2020-11-03,2020-10-23,2020-10-26,266,2020-10-24,"Swayable",37.2,55.8
2020,"Alabama",2020-11-03,2020-10-11,2020-10-14,504,2020-10-12,"Moore Information",38,55
2020,"Alaska",2020-11-03,2020-10-20,2020-11-01,537,2020-10-26,"SurveyMonkey",45,53
2020,"Alaska",2020-11-03,2020-10-20,2020-11-01,537,2020-10-26,"SurveyMonkey",46,53
2020,"Alaska",2020-11-03,2020-10-18,2020-10-31,614,2020-10-24,"SurveyMonkey",45,54
2020,"Alaska",2020-11-03,2020-10-18,2020-10-31,614,2020-10-24,"SurveyMonkey",45,54
2020,"Alaska",2020-11-03,2020-10-17,2020-10-30,638,2020-10-23,"SurveyMonkey",45,53
2020,"Alaska",2020-11-03,2020-10-17,2020-10-30,638,2020-10-23,"SurveyMonkey",45,53
2020,"Alaska",2020-11-03,2020-10-16,2020-10-29,663,2020-10-22,"SurveyMonkey",43,54
2020,"Alaska",2020-11-03,2020-10-16,2020-10-29,663,2020-10-22,"SurveyMonkey",43,55
2020,"Alaska",2020-11-03,2020-10-26,2020-10-28,770,2020-10-27,"Gravis Marketing",43,52
2020,"Alaska",2020-11-03,2020-10-19,2020-10-20,800,2020-10-19,"Public Policy Polling",45,50
2020,"Alaska",2020-11-03,2020-10-09,2020-10-14,423,2020-10-11,"Siena College/The New York Times Upshot",39,45
2020,"Arizona",2020-11-03,2020-10-27,2020-11-02,610,2020-10-30,"Ipsos",50,48
2020,"Arizona",2020-11-03,2020-10-27,2020-11-02,610,2020-10-30,"Ipsos",50,47
2020,"Arizona",2020-11-03,2020-10-29,2020-11-01,717,2020-10-30,"Marist College",48,48
2020,"Arizona",2020-11-03,2020-10-29,2020-11-01,988,2020-10-30,"Marist College",48,47
2020,"Arizona",2020-11-03,2020-10-29,2020-11-01,409,2020-10-30,"Change Research",50,47
2020,"Arizona",2020-11-03,2020-10-27,2020-11-01,1195,2020-10-29,"Data for Progress",50,47
2020,"Arizona",2020-11-03,2020-10-27,2020-11-01,360,2020-10-29,"Swayable",50.6,45.7
2020,"Arizona",2020-11-03,2020-10-20,2020-11-01,3807,2020-10-26,"SurveyMonkey",53,45
2020,"Arizona",2020-11-03,2020-10-20,2020-11-01,3807,2020-10-26,"SurveyMonkey",52,47
2020,"Arizona",2020-11-03,2020-10-30,2020-10-31,641,2020-10-30,"AtlasIntel",48.1,50.4
2020,"Arizona",2020-11-03,2020-10-29,2020-10-31,732,2020-10-30,"Emerson College",48,45.9
2020,"Arizona",2020-11-03,2020-10-22,2020-10-31,1059,2020-10-26,"Morning Consult",48.4,46.1
2020,"Arizona",2020-11-03,2020-10-18,2020-10-31,3933,2020-10-24,"SurveyMonkey",53,45
2020,"Arizona",2020-11-03,2020-10-18,2020-10-31,3933,2020-10-24,"SurveyMonkey",52,46
2020,"Arizona",2020-11-03,2020-10-28,2020-10-30,550,2020-10-29,"Data Orbital",45.9,45.3
2020,"Arizona",2020-11-03,2020-10-26,2020-10-30,1252,2020-10-28,"Siena College/The New York Times Upshot",49,43
2020,"Arizona",2020-11-03,2020-10-23,2020-10-30,865,2020-10-26,"SSRS",50,46
2020,"Arizona",2020-11-03,2020-10-23,2020-10-30,892,2020-10-26,"SSRS",49,46
2020,"Arizona",2020-11-03,2020-10-17,2020-10-30,3824,2020-10-23,"SurveyMonkey",53,45
2020,"Arizona",2020-11-03,2020-10-17,2020-10-30,3824,2020-10-23,"SurveyMonkey",52,46
2020,"Arizona",2020-11-03,2020-10-27,2020-10-29,800,2020-10-28,"Rasmussen Reports/Pulse Opinion Research",45,49
2020,"Arizona",2020-11-03,2020-10-26,2020-10-29,889,2020-10-27,"Redfield & Wilton Strategies",50,46
2020,"Arizona",2020-11-03,2020-10-16,2020-10-29,3463,2020-10-22,"SurveyMonkey",53,45
2020,"Arizona",2020-11-03,2020-10-16,2020-10-29,3463,2020-10-22,"SurveyMonkey",52,46
2020,"Arizona",2020-11-03,2020-10-26,2020-10-28,704,2020-10-27,"Gravis Marketing",48,44
2020,"Arizona",2020-11-03,2020-10-25,2020-10-28,1002,2020-10-26,"Trafalgar Group",46.4,48.9
2020,"Arizona",2020-11-03,2020-10-21,2020-10-27,714,2020-10-24,"Ipsos",48,46
2020,"Arizona",2020-11-03,2020-10-21,2020-10-27,714,2020-10-24,"Ipsos",47,47
2020,"Arizona",2020-11-03,2020-10-23,2020-10-26,304,2020-10-24,"Swayable",52.4,43.8
2020,"Arizona",2020-11-03,2020-10-22,2020-10-25,716,2020-10-23,"OH Predictive Insights",49,46
2020,"Arizona",2020-11-03,2020-10-22,2020-10-25,1007,2020-10-23,"The Justice Collaborative Institute",49,43
2020,"Arizona",2020-11-03,2020-10-17,2020-10-25,725,2020-10-21,"Univision/University of Arizona/Latino Decisions/North Star Opinion Research",50,45
2020,"Arizona",2020-11-03,2020-10-21,2020-10-24,729,2020-10-22,"Patinkin Research Strategies",52,45
2020,"Arizona",2020-11-03,2020-10-15,2020-10-24,700,2020-10-19,"Y2 Analytics",50,47
2020,"Arizona",2020-11-03,2020-10-19,2020-10-22,500,2020-10-20,"Susquehanna Polling & Research Inc.",46.2,46.6
2020,"Arizona",2020-11-03,2020-10-14,2020-10-21,658,2020-10-17,"Ipsos",49,46
2020,"Arizona",2020-11-03,2020-10-14,2020-10-21,658,2020-10-17,"Ipsos",50,46
2020,"Arizona",2020-11-03,2020-10-11,2020-10-20,1066,2020-10-15,"Morning Consult",47,48
2020,"Arizona",2020-11-03,2020-10-18,2020-10-19,800,2020-10-18,"Rasmussen Reports/Pulse Opinion Research",48,46
2020,"Arizona",2020-11-03,2020-10-16,2020-10-19,232,2020-10-17,"Change Research",51,45
2020,"Arizona",2020-11-03,2020-10-14,2020-10-19,800,2020-10-16,"RMG Research",47,46
2020,"Arizona",2020-11-03,2020-10-16,2020-10-18,550,2020-10-17,"Data Orbital",47.1,41.9
2020,"Arizona",2020-11-03,2020-10-13,2020-10-16,1074,2020-10-14,"YouGov",50,47
2020,"Arizona",2020-11-03,2020-10-07,2020-10-14,667,2020-10-10,"Ipsos",50,46
2020,"Arizona",2020-11-03,2020-10-07,2020-10-14,667,2020-10-10,"Ipsos",49,47
2020,"Arizona",2020-11-03,2020-10-10,2020-10-13,750,2020-10-11,"Redfield & Wilton Strategies",48,45
2020,"Arizona",2020-11-03,2020-10-09,2020-10-13,502,2020-10-11,"Monmouth University",50,44
2020,"Arizona",2020-11-03,2020-10-09,2020-10-13,502,2020-10-11,"Monmouth University",51,44
2020,"Arizona",2020-11-03,2020-10-09,2020-10-13,502,2020-10-11,"Monmouth University",49,47
2020,"Arizona",2020-11-03,2020-10-09,2020-10-10,720,2020-10-09,"Redfield & Wilton Strategies",48,46
2020,"Arizona",2020-11-03,2020-10-06,2020-10-08,1087,2020-10-07,"Trafalgar Group",43.8,47.8
2020,"Arizona",2020-11-03,2020-10-04,2020-10-08,608,2020-10-06,"OH Predictive Insights",49,45
2020,"Arizona",2020-11-03,2020-10-04,2020-10-08,608,2020-10-06,"OH Predictive Insights",50,47
2020,"Arizona",2020-11-03,2020-10-04,2020-10-07,727,2020-10-05,"Redfield & Wilton Strategies",49,43
2020,"Arkansas",2020-11-03,2020-10-20,2020-11-01,1161,2020-10-26,"SurveyMonkey",41,58
2020,"Arkansas",2020-11-03,2020-10-20,2020-11-01,1161,2020-10-26,"SurveyMonkey",38,61
2020,"Arkansas",2020-11-03,2020-10-18,2020-10-31,1253,2020-10-24,"SurveyMonkey",41,57
2020,"Arkansas",2020-11-03,2020-10-18,2020-10-31,1253,2020-10-24,"SurveyMonkey",39,60
2020,"Arkansas",2020-11-03,2020-10-17,2020-10-30,1246,2020-10-23,"SurveyMonkey",41,58
2020,"Arkansas",2020-11-03,2020-10-17,2020-10-30,1246,2020-10-23,"SurveyMonkey",38,60
2020,"Arkansas",2020-11-03,2020-10-16,2020-10-29,1288,2020-10-22,"SurveyMonkey",41,57
2020,"Arkansas",2020-11-03,2020-10-16,2020-10-29,1288,2020-10-22,"SurveyMonkey",39,60
2020,"Arkansas",2020-11-03,2020-10-09,2020-10-21,591,2020-10-15,"University of Arkansas",32,65
2020,"Arkansas",2020-11-03,2020-10-11,2020-10-13,647,2020-10-12,"Hendrix College",33.5,58
2020,"California",2020-11-03,2020-10-28,2020-11-01,800,2020-10-30,"David Binder Research",62,31
2020,"California",2020-11-03,2020-10-20,2020-11-01,10925,2020-10-26,"SurveyMonkey",62,36
2020,"California",2020-11-03,2020-10-20,2020-11-01,10925,2020-10-26,"SurveyMonkey",62,36
2020,"California",2020-11-03,2020-10-18,2020-10-31,11324,2020-10-24,"SurveyMonkey",62,36
2020,"California",2020-11-03,2020-10-18,2020-10-31,11324,2020-10-24,"SurveyMonkey",62,36
2020,"California",2020-11-03,2020-10-17,2020-10-30,10929,2020-10-23,"SurveyMonkey",62,36
2020,"California",2020-11-03,2020-10-17,2020-10-30,10929,2020-10-23,"SurveyMonkey",62,36
2020,"California",2020-11-03,2020-10-16,2020-10-29,11171,2020-10-22,"SurveyMonkey",62,36
2020,"California",2020-11-03,2020-10-16,2020-10-29,11171,2020-10-22,"SurveyMonkey",62,36
2020,"California",2020-11-03,2020-10-23,2020-10-26,635,2020-10-24,"Swayable",62,35.3
2020,"California",2020-11-03,2020-10-16,2020-10-21,5352,2020-10-18,"University of California, Berkeley",65,29
2020,"California",2020-11-03,2020-10-09,2020-10-18,1185,2020-10-13,"Public Policy Institute of California",58,32
2020,"Colorado",2020-11-03,2020-10-29,2020-11-01,502,2020-10-30,"Keating Research/OnSight Public Affairs/Melanson",53,41
2020,"Colorado",2020-11-03,2020-10-27,2020-11-01,709,2020-10-29,"Data for Progress",54,42
2020,"Colorado",2020-11-03,2020-10-23,2020-11-01,455,2020-10-27,"Swayable",55.4,40.7
2020,"Colorado",2020-11-03,2020-10-20,2020-11-01,2677,2020-10-26,"SurveyMonkey",57,41
2020,"Colorado",2020-11-03,2020-10-20,2020-11-01,2677,2020-10-26,"SurveyMonkey",55,43
2020,"Colorado",2020-11-03,2020-10-22,2020-10-31,727,2020-10-26,"Morning Consult",53.8,40.9
2020,"Colorado",2020-11-03,2020-10-18,2020-10-31,2888,2020-10-24,"SurveyMonkey",57,41
2020,"Colorado",2020-11-03,2020-10-18,2020-10-31,2888,2020-10-24,"SurveyMonkey",55,43
2020,"Colorado",2020-11-03,2020-10-17,2020-10-30,2896,2020-10-23,"SurveyMonkey",57,41
2020,"Colorado",2020-11-03,2020-10-17,2020-10-30,2896,2020-10-23,"SurveyMonkey",56,43
2020,"Colorado",2020-11-03,2020-10-15,2020-10-29,2974,2020-10-22,"SurveyMonkey",57,41
2020,"Colorado",2020-11-03,2020-10-15,2020-10-29,2974,2020-10-22,"SurveyMonkey",55,43
2020,"Colorado",2020-11-03,2020-10-11,2020-10-20,788,2020-10-15,"Morning Consult",55,39
2020,"Colorado",2020-11-03,2020-10-12,2020-10-16,502,2020-10-14,"RBI Strategies & Research",55,38
2020,"Colorado",2020-11-03,2020-10-09,2020-10-15,800,2020-10-12,"RMG Research",51,43
2020,"Colorado",2020-11-03,2020-10-11,2020-10-14,1013,2020-10-12,"Civiqs",54,42
2020,"Colorado",2020-11-03,2020-10-08,2020-10-13,519,2020-10-10,"Keating Research/OnSight Public Affairs/Melanson",54,39
2020,"Colorado",2020-11-03,2020-10-05,2020-10-09,800,2020-10-07,"YouGov",47,38
2020,"Connecticut",2020-11-03,2020-10-23,2020-11-01,367,2020-10-27,"Swayable",64.1,33.7
2020,"Connecticut",2020-11-03,2020-10-20,2020-11-01,1867,2020-10-26,"SurveyMonkey",61,37
2020,"Connecticut",2020-11-03,2020-10-20,2020-11-01,1867,2020-10-26,"SurveyMonkey",60,38
2020,"Connecticut",2020-11-03,2020-10-18,2020-10-31,1928,2020-10-24,"SurveyMonkey",61,37
2020,"Connecticut",2020-11-03,2020-10-18,2020-10-31,1928,2020-10-24,"SurveyMonkey",61,38
2020,"Connecticut",2020-11-03,2020-10-17,2020-10-30,1907,2020-10-23,"SurveyMonkey",62,37
2020,"Connecticut",2020-11-03,2020-10-17,2020-10-30,1907,2020-10-23,"SurveyMonkey",61,38
2020,"Connecticut",2020-11-03,2020-10-16,2020-10-29,1971,2020-10-22,"SurveyMonkey",61,37
2020,"Connecticut",2020-11-03,2020-10-16,2020-10-29,1971,2020-10-22,"SurveyMonkey",60,39
2020,"Connecticut",2020-11-03,2020-10-08,2020-10-21,1000,2020-10-14,"Sacred Heart University",51.4,26.4
2020,"Delaware",2020-11-03,2020-10-20,2020-11-01,588,2020-10-26,"SurveyMonkey",62,37
2020,"Delaware",2020-11-03,2020-10-20,2020-11-01,588,2020-10-26,"SurveyMonkey",61,38
2020,"Delaware",2020-11-03,2020-10-18,2020-10-31,664,2020-10-24,"SurveyMonkey",61,38
2020,"Delaware",2020-11-03,2020-10-18,2020-10-31,664,2020-10-24,"SurveyMonkey",60,39
2020,"Delaware",2020-11-03,2020-10-17,2020-10-30,668,2020-10-23,"SurveyMonkey",61,37
2020,"Delaware",2020-11-03,2020-10-17,2020-10-30,668,2020-10-23,"SurveyMonkey",60,39
2020,"Delaware",2020-11-03,2020-10-16,2020-10-29,696,2020-10-22,"SurveyMonkey",62,37
2020,"Delaware",2020-11-03,2020-10-16,2020-10-29,696,2020-10-22,"SurveyMonkey",60,39
2020,"District of Columbia",2020-11-03,2020-10-20,2020-11-01,457,2020-10-26,"SurveyMonkey",92,6
2020,"District of Columbia",2020-11-03,2020-10-20,2020-11-01,457,2020-10-26,"SurveyMonkey",94,5
2020,"District of Columbia",2020-11-03,2020-10-18,2020-10-30,483,2020-10-24,"SurveyMonkey",91,7
2020,"District of Columbia",2020-11-03,2020-10-18,2020-10-30,483,2020-10-24,"SurveyMonkey",93,6
2020,"District of Columbia",2020-11-03,2020-10-17,2020-10-30,501,2020-10-23,"SurveyMonkey",91,7
2020,"District of Columbia",2020-11-03,2020-10-17,2020-10-30,501,2020-10-23,"SurveyMonkey",93,6
2020,"District of Columbia",2020-11-03,2020-10-16,2020-10-29,490,2020-10-22,"SurveyMonkey",91,7
2020,"District of Columbia",2020-11-03,2020-10-16,2020-10-29,490,2020-10-22,"SurveyMonkey",93,6
2020,"Florida",2020-11-03,2020-11-01,2020-11-02,400,2020-11-01,"Opinion Savvy/InsiderAdvantage",47,48.2
2020,"Florida",2020-11-03,2020-10-27,2020-11-02,1261,2020-10-30,"Swayable",53,45.5
2020,"Florida",2020-11-03,2020-10-30,2020-11-01,517,2020-10-31,"AYTM",45,43
2020,"Florida",2020-11-03,2020-10-29,2020-11-01,400,2020-10-30,"Susquehanna Polling & Research Inc.",46,47
2020,"Florida",2020-11-03,2020-10-29,2020-11-01,806,2020-10-30,"Change Research",51,48
2020,"Florida",2020-11-03,2020-10-28,2020-11-01,1657,2020-10-30,"Quinnipiac University",47,42
2020,"Florida",2020-11-03,2020-10-27,2020-11-01,670,2020-10-29,"Ipsos",51,47
2020,"Florida",2020-11-03,2020-10-27,2020-11-01,670,2020-10-29,"Ipsos",50,46
2020,"Florida",2020-11-03,2020-10-27,2020-11-01,1202,2020-10-29,"Data for Progress",51,48
2020,"Florida",2020-11-03,2020-10-20,2020-11-01,7796,2020-10-26,"SurveyMonkey",50,48
2020,"Florida",2020-11-03,2020-10-20,2020-11-01,7796,2020-10-26,"SurveyMonkey",48,50
2020,"Florida",2020-11-03,2020-10-30,2020-10-31,768,2020-10-30,"Frederick Polls",51,49
2020,"Florida",2020-11-03,2020-10-29,2020-10-31,800,2020-10-30,"Rasmussen Reports/Pulse Opinion Research",48,47
2020,"Florida",2020-11-03,2020-10-27,2020-10-31,1451,2020-10-29,"Siena College/The New York Times Upshot",47,44
2020,"Florida",2020-11-03,2020-10-22,2020-10-31,4451,2020-10-26,"Morning Consult",51.5,45.4
2020,"Florida",2020-11-03,2020-10-18,2020-10-31,7807,2020-10-24,"SurveyMonkey",50,48
2020,"Florida",2020-11-03,2020-10-18,2020-10-31,7807,2020-10-24,"SurveyMonkey",48,50
2020,"Florida",2020-11-03,2020-10-29,2020-10-30,2758,2020-10-29,"St. Pete Polls",49.2,48.1
2020,"Florida",2020-11-03,2020-10-29,2020-10-30,849,2020-10-29,"Emerson College",51.9,46.1
2020,"Florida",2020-11-03,2020-10-28,2020-10-30,1200,2020-10-29,"RMG Research",51,47
2020,"Florida",2020-11-03,2020-10-25,2020-10-30,1027,2020-10-27,"Targoz Market Research",50.8,47.1
2020,"Florida",2020-11-03,2020-10-17,2020-10-30,7604,2020-10-23,"SurveyMonkey",49,48
2020,"Florida",2020-11-03,2020-10-17,2020-10-30,7604,2020-10-23,"SurveyMonkey",48,50
2020,"Florida",2020-11-03,2020-10-28,2020-10-29,941,2020-10-28,"Public Policy Polling",52,45
2020,"Florida",2020-11-03,2020-10-28,2020-10-29,786,2020-10-28,"AtlasIntel",48.6,48.5
2020,"Florida",2020-11-03,2020-10-26,2020-10-29,1148,2020-10-27,"Harris Insights & Analytics",50,47
2020,"Florida",2020-11-03,2020-10-24,2020-10-29,915,2020-10-26,"ABC News/The Washington Post",47,49
2020,"Florida",2020-11-03,2020-10-24,2020-10-29,824,2020-10-26,"ABC News/The Washington Post",48,50
2020,"Florida",2020-11-03,2020-10-15,2020-10-29,7726,2020-10-22,"SurveyMonkey",49,48
2020,"Florida",2020-11-03,2020-10-15,2020-10-29,7726,2020-10-22,"SurveyMonkey",48,50
2020,"Florida",2020-11-03,2020-10-27,2020-10-28,1587,2020-10-27,"Redfield & Wilton Strategies",50,46
2020,"Florida",2020-11-03,2020-10-25,2020-10-28,1088,2020-10-26,"Trafalgar Group",46.9,49.6
2020,"Florida",2020-11-03,2020-10-24,2020-10-28,509,2020-10-26,"Monmouth University",50,45
2020,"Florida",2020-11-03,2020-10-24,2020-10-28,509,2020-10-26,"Monmouth University",51,45
2020,"Florida",2020-11-03,2020-10-24,2020-10-28,509,2020-10-26,"Monmouth University",50,46
2020,"Florida",2020-11-03,2020-10-25,2020-10-27,743,2020-10-26,"Marist College",51,47
2020,"Florida",2020-11-03,2020-10-25,2020-10-27,1001,2020-10-26,"Marist College",51,46
2020,"Florida",2020-11-03,2020-10-23,2020-10-27,1324,2020-10-25,"Quinnipiac University",45,42
2020,"Florida",2020-11-03,2020-10-21,2020-10-27,704,2020-10-24,"Ipsos",49,47
2020,"Florida",2020-11-03,2020-10-21,2020-10-27,704,2020-10-24,"Ipsos",48,47
2020,"Florida",2020-11-03,2020-10-23,2020-10-26,605,2020-10-24,"Swayable",46.4,50.6
2020,"Florida",2020-11-03,2020-10-16,2020-10-26,1200,2020-10-21,"YouGov",48,46
2020,"Florida",2020-11-03,2020-10-24,2020-10-25,937,2020-10-24,"Florida Atlantic University",50.16,48.13
2020,"Florida",2020-11-03,2020-10-24,2020-10-25,1000,2020-10-24,"Wick",47.2,50.1
2020,"Florida",2020-11-03,2020-10-23,2020-10-25,400,2020-10-24,"Susquehanna Polling & Research Inc.",44,48.5
2020,"Florida",2020-11-03,2020-10-17,2020-10-25,743,2020-10-21,"Univision/Latino Decisions/North Star Opinion Research",49,46
2020,"Florida",2020-11-03,2020-10-20,2020-10-23,1228,2020-10-21,"YouGov",50,48
2020,"Florida",2020-11-03,2020-10-21,2020-10-22,2527,2020-10-21,"St. Pete Polls",48.9,47.4
2020,"Florida",2020-11-03,2020-10-20,2020-10-22,800,2020-10-21,"RMG Research",50,48
2020,"Florida",2020-11-03,2020-10-20,2020-10-21,800,2020-10-20,"Rasmussen Reports/Pulse Opinion Research",46,50
2020,"Florida",2020-11-03,2020-10-17,2020-10-20,863,2020-10-18,"Civiqs",51,47
2020,"Florida",2020-11-03,2020-10-17,2020-10-20,1000,2020-10-18,"Citizen Data",49.63,44.74
2020,"Florida",2020-11-03,2020-10-15,2020-10-20,847,2020-10-17,"SSRS",50,46
2020,"Florida",2020-11-03,2020-10-15,2020-10-20,906,2020-10-17,"SSRS",48,46
2020,"Florida",2020-11-03,2020-10-14,2020-10-20,662,2020-10-17,"Ipsos",50,46
2020,"Florida",2020-11-03,2020-10-14,2020-10-20,662,2020-10-17,"Ipsos",51,46
2020,"Florida",2020-11-03,2020-10-11,2020-10-20,4685,2020-10-15,"Morning Consult",52,45
2020,"Florida",2020-11-03,2020-10-16,2020-10-19,547,2020-10-17,"Change Research",50,45
2020,"Florida",2020-11-03,2020-10-12,2020-10-16,863,2020-10-14,"University of North Florida",48,47
2020,"Florida",2020-11-03,2020-10-12,2020-10-15,965,2020-10-13,"Harris Insights & Analytics",48,48
2020,"Florida",2020-11-03,2020-10-07,2020-10-14,653,2020-10-10,"Ipsos",49,47
2020,"Florida",2020-11-03,2020-10-07,2020-10-14,653,2020-10-10,"Ipsos",50,47
2020,"Florida",2020-11-03,2020-10-11,2020-10-13,1051,2020-10-12,"Trafalgar Group",46.1,48.4
2020,"Florida",2020-11-03,2020-10-10,2020-10-13,1519,2020-10-11,"Redfield & Wilton Strategies",50,44
2020,"Florida",2020-11-03,2020-10-11,2020-10-12,2215,2020-10-11,"St. Pete Polls",49.2,47.2
2020,"Florida",2020-11-03,2020-10-10,2020-10-12,690,2020-10-11,"Emerson College",50.6,48.4
2020,"Florida",2020-11-03,2020-10-08,2020-10-12,625,2020-10-10,"Mason-Dixon Polling & Strategy",48,45
2020,"Florida",2020-11-03,2020-10-07,2020-10-12,550,2020-10-09,"Clearview Research",47,40
2020,"Florida",2020-11-03,2020-10-09,2020-10-10,644,2020-10-09,"Florida Atlantic University",51.2,47
2020,"Florida",2020-11-03,2020-10-09,2020-10-10,981,2020-10-09,"Redfield & Wilton Strategies",52,43
2020,"Florida",2020-11-03,2020-10-04,2020-10-08,800,2020-10-06,"RMG Research",48,46
2020,"Florida",2020-11-03,2020-10-06,2020-10-07,400,2020-10-06,"Opinion Savvy/InsiderAdvantage",43,46
2020,"Florida",2020-11-03,2020-10-04,2020-10-06,998,2020-10-05,"Redfield & Wilton Strategies",49,44
2020,"Georgia",2020-11-03,2020-11-01,2020-11-01,500,2020-11-01,"Opinion Savvy/InsiderAdvantage",46.1,48.1
2020,"Georgia",2020-11-03,2020-11-01,2020-11-01,500,2020-11-01,"Landmark Communications",46,50.1
2020,"Georgia",2020-11-03,2020-10-30,2020-11-01,380,2020-10-31,"AYTM",52,48
2020,"Georgia",2020-11-03,2020-10-27,2020-11-01,1036,2020-10-29,"Data for Progress",50,48
2020,"Georgia",2020-11-03,2020-10-27,2020-11-01,438,2020-10-29,"Swayable",53.6,44.3
2020,"Georgia",2020-11-03,2020-10-19,2020-11-01,3535,2020-10-25,"SurveyMonkey",52,45
2020,"Georgia",2020-11-03,2020-10-19,2020-11-01,3535,2020-10-25,"SurveyMonkey",50,49
2020,"Georgia",2020-11-03,2020-10-30,2020-10-31,679,2020-10-30,"AtlasIntel",46.1,48.3
2020,"Georgia",2020-11-03,2020-10-29,2020-10-31,749,2020-10-30,"Emerson College",48.8,49.4
2020,"Georgia",2020-11-03,2020-10-22,2020-10-31,1743,2020-10-26,"Morning Consult",48.8,46.4
2020,"Georgia",2020-11-03,2020-10-18,2020-10-31,3748,2020-10-24,"SurveyMonkey",53,45
2020,"Georgia",2020-11-03,2020-10-18,2020-10-31,3748,2020-10-24,"SurveyMonkey",50,48
2020,"Georgia",2020-11-03,2020-10-16,2020-10-30,3736,2020-10-23,"SurveyMonkey",52,45
2020,"Georgia",2020-11-03,2020-10-16,2020-10-30,3736,2020-10-23,"SurveyMonkey",50,48
2020,"Georgia",2020-11-03,2020-10-16,2020-10-29,3755,2020-10-22,"SurveyMonkey",52,45
2020,"Georgia",2020-11-03,2020-10-16,2020-10-29,3755,2020-10-22,"SurveyMonkey",50,48
2020,"Georgia",2020-11-03,2020-10-28,2020-10-28,750,2020-10-28,"Landmark Communications",47,48
2020,"Georgia",2020-11-03,2020-10-27,2020-10-28,661,2020-10-27,"Public Policy Polling",48,46
2020,"Georgia",2020-11-03,2020-10-23,2020-10-27,504,2020-10-25,"Monmouth University",50,45
2020,"Georgia",2020-11-03,2020-10-23,2020-10-27,504,2020-10-25,"Monmouth University",50,46
2020,"Georgia",2020-11-03,2020-10-23,2020-10-27,504,2020-10-25,"Monmouth University",50,48
2020,"Georgia",2020-11-03,2020-10-23,2020-10-26,1041,2020-10-24,"Civiqs",51,46
2020,"Georgia",2020-11-03,2020-10-23,2020-10-26,373,2020-10-24,"Swayable",50.5,48.1
2020,"Georgia",2020-11-03,2020-10-24,2020-10-25,1000,2020-10-24,"Wick",46.9,49.4
2020,"Georgia",2020-11-03,2020-10-20,2020-10-23,1090,2020-10-21,"YouGov",49,49
2020,"Georgia",2020-11-03,2020-10-14,2020-10-23,1145,2020-10-18,"University of Georgia",46.5,46.2
2020,"Georgia",2020-11-03,2020-10-21,2020-10-21,500,2020-10-21,"Landmark Communications",45,49
2020,"Georgia",2020-11-03,2020-10-17,2020-10-20,1000,2020-10-18,"Citizen Data",48.15,43.74
2020,"Georgia",2020-11-03,2020-10-11,2020-10-20,1672,2020-10-15,"Morning Consult",48,48
2020,"Georgia",2020-11-03,2020-10-17,2020-10-19,506,2020-10-18,"Emerson College",47,48.4
2020,"Georgia",2020-11-03,2020-10-13,2020-10-19,759,2020-10-16,"Siena College/The New York Times Upshot",45,45
2020,"Georgia",2020-11-03,2020-10-12,2020-10-15,800,2020-10-13,"National Research Inc.",49,45
2020,"Georgia",2020-11-03,2020-10-11,2020-10-14,600,2020-10-12,"Garin-Hart-Yang Research Group",51,44
2020,"Georgia",2020-11-03,2020-10-08,2020-10-12,677,2020-10-10,"SurveyUSA",48,46
2020,"Georgia",2020-11-03,2020-10-08,2020-10-12,1040,2020-10-10,"Quinnipiac University",51,44
2020,"Georgia",2020-11-03,2020-10-08,2020-10-11,782,2020-10-09,"Data for Progress",46,46
2020,"Georgia",2020-11-03,2020-10-08,2020-10-09,528,2020-10-08,"Public Policy Polling",47,46
2020,"Georgia",2020-11-03,2020-10-07,2020-10-07,600,2020-10-07,"Landmark Communications",46.8,48.6
2020,"Hawaii",2020-11-03,2020-10-20,2020-11-01,619,2020-10-26,"SurveyMonkey",65,31
2020,"Hawaii",2020-11-03,2020-10-20,2020-11-01,619,2020-10-26,"SurveyMonkey",66,31
2020,"Hawaii",2020-11-03,2020-10-18,2020-10-31,631,2020-10-24,"SurveyMonkey",64,32
2020,"Hawaii",2020-11-03,2020-10-18,2020-10-31,631,2020-10-24,"SurveyMonkey",66,32
2020,"Hawaii",2020-11-03,2020-10-17,2020-10-30,646,2020-10-23,"SurveyMonkey",63,33
2020,"Hawaii",2020-11-03,2020-10-17,2020-10-30,646,2020-10-23,"SurveyMonkey",65,32
2020,"Hawaii",2020-11-03,2020-10-16,2020-10-29,649,2020-10-22,"SurveyMonkey",63,34
2020,"Hawaii",2020-11-03,2020-10-16,2020-10-29,649,2020-10-22,"SurveyMonkey",65,32
2020,"Idaho",2020-11-03,2020-10-20,2020-11-01,824,2020-10-26,"SurveyMonkey",40,57
2020,"Idaho",2020-11-03,2020-10-20,2020-11-01,824,2020-10-26,"SurveyMonkey",40,58
2020,"Idaho",2020-11-03,2020-10-18,2020-10-31,878,2020-10-24,"SurveyMonkey",40,58
2020,"Idaho",2020-11-03,2020-10-18,2020-10-31,878,2020-10-24,"SurveyMonkey",39,59
2020,"Idaho",2020-11-03,2020-10-17,2020-10-30,882,2020-10-23,"SurveyMonkey",39,59
2020,"Idaho",2020-11-03,2020-10-17,2020-10-30,882,2020-10-23,"SurveyMonkey",38,60
2020,"Idaho",2020-11-03,2020-10-16,2020-10-29,911,2020-10-22,"SurveyMonkey",39,59
2020,"Idaho",2020-11-03,2020-10-16,2020-10-29,911,2020-10-22,"SurveyMonkey",38,60
2020,"Illinois",2020-11-03,2020-10-31,2020-11-01,450,2020-10-31,"Research Co.",55,38
2020,"Illinois",2020-11-03,2020-10-27,2020-11-01,485,2020-10-29,"Swayable",55.1,43.6
2020,"Illinois",2020-11-03,2020-10-26,2020-11-01,1208,2020-10-29,"Victory Research",54.1,38.2
2020,"Illinois",2020-11-03,2020-10-20,2020-11-01,4848,2020-10-26,"SurveyMonkey",58,39
2020,"Illinois",2020-11-03,2020-10-20,2020-11-01,4848,2020-10-26,"SurveyMonkey",58,40
2020,"Illinois",2020-11-03,2020-10-18,2020-10-31,5013,2020-10-24,"SurveyMonkey",58,39
2020,"Illinois",2020-11-03,2020-10-18,2020-10-31,5013,2020-10-24,"SurveyMonkey",57,41
2020,"Illinois",2020-11-03,2020-10-17,2020-10-30,4921,2020-10-23,"SurveyMonkey",58,39
2020,"Illinois",2020-11-03,2020-10-17,2020-10-30,4921,2020-10-23,"SurveyMonkey",58,40
2020,"Illinois",2020-11-03,2020-10-16,2020-10-29,4782,2020-10-22,"SurveyMonkey",58,40
2020,"Illinois",2020-11-03,2020-10-16,2020-10-29,4782,2020-10-22,"SurveyMonkey",57,41
2020,"Illinois",2020-11-03,2020-10-23,2020-10-26,424,2020-10-24,"Swayable",54.2,43.1
2020,"Indiana",2020-11-03,2020-10-27,2020-11-01,264,2020-10-29,"Swayable",43,55.2
2020,"Indiana",2020-11-03,2020-10-20,2020-11-01,2392,2020-10-26,"SurveyMonkey",44,54
2020,"Indiana",2020-11-03,2020-10-20,2020-11-01,2392,2020-10-26,"SurveyMonkey",44,54
2020,"Indiana",2020-11-03,2020-10-22,2020-10-31,1147,2020-10-26,"Morning Consult",42,53.4
2020,"Indiana",2020-11-03,2020-10-18,2020-10-31,2545,2020-10-24,"SurveyMonkey",44,53
2020,"Indiana",2020-11-03,2020-10-18,2020-10-31,2545,2020-10-24,"SurveyMonkey",44,54
2020,"Indiana",2020-11-03,2020-10-17,2020-10-30,2536,2020-10-23,"SurveyMonkey",45,53
2020,"Indiana",2020-11-03,2020-10-17,2020-10-30,2536,2020-10-23,"SurveyMonkey",44,54
2020,"Indiana",2020-11-03,2020-10-15,2020-10-29,2570,2020-10-22,"SurveyMonkey",45,53
2020,"Indiana",2020-11-03,2020-10-15,2020-10-29,2570,2020-10-22,"SurveyMonkey",44,54
2020,"Indiana",2020-11-03,2020-10-23,2020-10-26,301,2020-10-24,"Swayable",42.3,52.9
2020,"Indiana",2020-11-03,2020-10-18,2020-10-21,629,2020-10-19,"Ragnar Research Partners",40,48
2020,"Indiana",2020-11-03,2020-10-08,2020-10-13,685,2020-10-10,"SurveyUSA",42,49
2020,"Iowa",2020-11-03,2020-11-01,2020-11-02,871,2020-11-01,"Public Policy Polling",49,48
2020,"Iowa",2020-11-03,2020-10-29,2020-11-01,853,2020-10-30,"Civiqs",49,48
2020,"Iowa",2020-11-03,2020-10-29,2020-11-01,1084,2020-10-30,"Change Research",47,47
2020,"Iowa",2020-11-03,2020-10-27,2020-11-01,951,2020-10-29,"Data for Progress",47,49
2020,"Iowa",2020-11-03,2020-10-20,2020-11-01,1330,2020-10-26,"SurveyMonkey",50,49
2020,"Iowa",2020-11-03,2020-10-20,2020-11-01,1330,2020-10-26,"SurveyMonkey",49,50
2020,"Iowa",2020-11-03,2020-10-29,2020-10-31,604,2020-10-30,"Emerson College",47.4,48.6
2020,"Iowa",2020-11-03,2020-10-17,2020-10-31,1484,2020-10-24,"SurveyMonkey",50,48
2020,"Iowa",2020-11-03,2020-10-17,2020-10-31,1484,2020-10-24,"SurveyMonkey",49,50
2020,"Iowa",2020-11-03,2020-10-30,2020-10-30,400,2020-10-30,"Opinion Savvy/InsiderAdvantage",46.1,47.8
2020,"Iowa",2020-11-03,2020-10-17,2020-10-30,1490,2020-10-23,"SurveyMonkey",50,48
2020,"Iowa",2020-11-03,2020-10-17,2020-10-30,1490,2020-10-23,"SurveyMonkey",49,50
2020,"Iowa",2020-11-03,2020-10-26,2020-10-29,814,2020-10-27,"Selzer & Co.",41,48
2020,"Iowa",2020-11-03,2020-10-16,2020-10-29,1500,2020-10-22,"SurveyMonkey",50,48
2020,"Iowa",2020-11-03,2020-10-16,2020-10-29,1500,2020-10-22,"SurveyMonkey",49,50
2020,"Iowa",2020-11-03,2020-10-23,2020-10-27,1225,2020-10-25,"Quinnipiac University",46,47
2020,"Iowa",2020-11-03,2020-10-21,2020-10-24,693,2020-10-22,"RABA Research",50,46
2020,"Iowa",2020-11-03,2020-10-19,2020-10-21,435,2020-10-20,"Emerson College",48.1,48
2020,"Iowa",2020-11-03,2020-10-15,2020-10-21,800,2020-10-18,"RMG Research",47,47
2020,"Iowa",2020-11-03,2020-10-18,2020-10-20,753,2020-10-19,"Siena College/The New York Times Upshot",46,43
2020,"Iowa",2020-11-03,2020-10-18,2020-10-19,400,2020-10-18,"Opinion Savvy/InsiderAdvantage",45.1,44.6
2020,"Iowa",2020-11-03,2020-10-15,2020-10-19,501,2020-10-17,"Monmouth University",47,48
2020,"Iowa",2020-11-03,2020-10-15,2020-10-19,501,2020-10-17,"Monmouth University",50,47
2020,"Iowa",2020-11-03,2020-10-15,2020-10-19,501,2020-10-17,"Monmouth University",51,46
2020,"Iowa",2020-11-03,2020-10-10,2020-10-13,200,2020-10-11,"David Binder Research",44,50
2020,"Iowa",2020-11-03,2020-10-08,2020-10-11,822,2020-10-09,"Data for Progress",47,48
2020,"Iowa",2020-11-03,2020-10-06,2020-10-09,1035,2020-10-07,"YouGov",49,49
2020,"Iowa",2020-11-03,2020-10-05,2020-10-08,800,2020-10-06,"National Research Inc.",47,45
2020,"Kansas",2020-11-03,2020-10-27,2020-11-01,1121,2020-10-29,"Data for Progress",41,55
2020,"Kansas",2020-11-03,2020-10-20,2020-11-01,2159,2020-10-26,"SurveyMonkey",45,53
2020,"Kansas",2020-11-03,2020-10-20,2020-11-01,2159,2020-10-26,"SurveyMonkey",44,54
2020,"Kansas",2020-11-03,2020-10-18,2020-10-31,2384,2020-10-24,"SurveyMonkey",44,53
2020,"Kansas",2020-11-03,2020-10-18,2020-10-31,2384,2020-10-24,"SurveyMonkey",44,54
2020,"Kansas",2020-11-03,2020-10-17,2020-10-30,2603,2020-10-23,"SurveyMonkey",44,53
2020,"Kansas",2020-11-03,2020-10-17,2020-10-30,2603,2020-10-23,"SurveyMonkey",44,54
2020,"Kansas",2020-11-03,2020-10-16,2020-10-29,2569,2020-10-22,"SurveyMonkey",44,53
2020,"Kansas",2020-11-03,2020-10-16,2020-10-29,2569,2020-10-22,"SurveyMonkey",43,55
2020,"Kansas",2020-11-03,2020-10-19,2020-10-20,897,2020-10-19,"Public Policy Polling",42,54
2020,"Kansas",2020-11-03,2020-10-18,2020-10-20,2453,2020-10-19,"co/efficient",39,56
2020,"Kansas",2020-11-03,2020-10-18,2020-10-20,755,2020-10-19,"Siena College/The New York Times Upshot",41,48
2020,"Kentucky",2020-11-03,2020-10-23,2020-11-01,383,2020-10-27,"Swayable",41.5,55
2020,"Kentucky",2020-11-03,2020-10-20,2020-11-01,1759,2020-10-26,"SurveyMonkey",40,58
2020,"Kentucky",2020-11-03,2020-10-20,2020-11-01,1759,2020-10-26,"SurveyMonkey",40,59
2020,"Kentucky",2020-11-03,2020-10-18,2020-10-31,1976,2020-10-24,"SurveyMonkey",40,58
2020,"Kentucky",2020-11-03,2020-10-18,2020-10-31,1976,2020-10-24,"SurveyMonkey",40,59
2020,"Kentucky",2020-11-03,2020-10-17,2020-10-30,1982,2020-10-23,"SurveyMonkey",41,58
2020,"Kentucky",2020-11-03,2020-10-17,2020-10-30,1982,2020-10-23,"SurveyMonkey",40,59
2020,"Kentucky",2020-11-03,2020-10-16,2020-10-29,2020,2020-10-22,"SurveyMonkey",40,58
2020,"Kentucky",2020-11-03,2020-10-16,2020-10-29,2020,2020-10-22,"SurveyMonkey",40,59
2020,"Kentucky",2020-11-03,2020-10-16,2020-10-28,250,2020-10-22,"Bluegrass Community and Technical College",38.8,52
2020,"Kentucky",2020-11-03,2020-10-12,2020-10-15,625,2020-10-13,"Mason-Dixon Polling & Strategy",39,56
2020,"Louisiana",2020-11-03,2020-10-23,2020-11-01,378,2020-10-27,"Swayable",39.1,56.6
2020,"Louisiana",2020-11-03,2020-10-20,2020-11-01,1388,2020-10-26,"SurveyMonkey",39,58
2020,"Louisiana",2020-11-03,2020-10-20,2020-11-01,1388,2020-10-26,"SurveyMonkey",35,62
2020,"Louisiana",2020-11-03,2020-10-18,2020-10-31,1533,2020-10-24,"SurveyMonkey",39,58
2020,"Louisiana",2020-11-03,2020-10-18,2020-10-31,1533,2020-10-24,"SurveyMonkey",36,62
2020,"Louisiana",2020-11-03,2020-10-17,2020-10-30,1526,2020-10-23,"SurveyMonkey",39,58
2020,"Louisiana",2020-11-03,2020-10-17,2020-10-30,1526,2020-10-23,"SurveyMonkey",36,62
2020,"Louisiana",2020-11-03,2020-10-16,2020-10-29,1512,2020-10-22,"SurveyMonkey",40,57
2020,"Louisiana",2020-11-03,2020-10-16,2020-10-29,1512,2020-10-22,"SurveyMonkey",36,61
2020,"Louisiana",2020-11-03,2020-10-22,2020-10-22,755,2020-10-22,"University of New Orleans",35.9,58.8
2020,"Louisiana",2020-11-03,2020-10-04,2020-10-06,1048,2020-10-05,"Trafalgar Group",35.9,54.1
2020,"Maine",2020-11-03,2020-10-29,2020-11-02,1024,2020-10-31,"Change Research",52,40
2020,"Maine",2020-11-03,2020-10-20,2020-11-01,1183,2020-10-26,"SurveyMonkey",56,41
2020,"Maine",2020-11-03,2020-10-20,2020-11-01,1183,2020-10-26,"SurveyMonkey",56,42
2020,"Maine",2020-11-03,2020-10-29,2020-10-31,611,2020-10-30,"Emerson College",54.3,42.9
2020,"Maine",2020-11-03,2020-10-18,2020-10-31,1242,2020-10-24,"SurveyMonkey",56,41
2020,"Maine",2020-11-03,2020-10-18,2020-10-31,1242,2020-10-24,"SurveyMonkey",56,42
2020,"Maine",2020-11-03,2020-10-17,2020-10-30,1248,2020-10-23,"SurveyMonkey",56,42
2020,"Maine",2020-11-03,2020-10-17,2020-10-30,1248,2020-10-23,"SurveyMonkey",55,43
2020,"Maine",2020-11-03,2020-10-16,2020-10-29,1215,2020-10-22,"SurveyMonkey",56,42
2020,"Maine",2020-11-03,2020-10-16,2020-10-29,1215,2020-10-22,"SurveyMonkey",55,43
2020,"Maine",2020-11-03,2020-10-23,2020-10-27,1007,2020-10-25,"SurveyUSA",53,40
2020,"Maine",2020-11-03,2020-10-21,2020-10-25,879,2020-10-23,"Colby College",51,38
2020,"Maryland",2020-11-03,2020-10-23,2020-11-01,503,2020-10-27,"Swayable",67,31.1
2020,"Maryland",2020-11-03,2020-10-20,2020-11-01,2918,2020-10-26,"SurveyMonkey",66,30
2020,"Maryland",2020-11-03,2020-10-20,2020-11-01,2918,2020-10-26,"SurveyMonkey",65,32
2020,"Maryland",2020-11-03,2020-10-18,2020-10-31,3150,2020-10-24,"SurveyMonkey",66,30
2020,"Maryland",2020-11-03,2020-10-18,2020-10-31,3150,2020-10-24,"SurveyMonkey",66,31
2020,"Maryland",2020-11-03,2020-10-17,2020-10-30,3154,2020-10-23,"SurveyMonkey",67,30
2020,"Maryland",2020-11-03,2020-10-17,2020-10-30,3154,2020-10-23,"SurveyMonkey",66,31
2020,"Maryland",2020-11-03,2020-10-16,2020-10-29,3185,2020-10-22,"SurveyMonkey",67,30
2020,"Maryland",2020-11-03,2020-10-16,2020-10-29,3185,2020-10-22,"SurveyMonkey",66,31
2020,"Maryland",2020-11-03,2020-10-19,2020-10-24,820,2020-10-21,"Gonzales Research & Marketing Strategies Inc.",58,32.9
2020,"Massachusetts",2020-11-03,2020-10-20,2020-11-01,3293,2020-10-26,"SurveyMonkey",68,29
2020,"Massachusetts",2020-11-03,2020-10-20,2020-11-01,3293,2020-10-26,"SurveyMonkey",69,29
2020,"Massachusetts",2020-11-03,2020-10-18,2020-10-31,3462,2020-10-24,"SurveyMonkey",68,29
2020,"Massachusetts",2020-11-03,2020-10-18,2020-10-31,3462,2020-10-24,"SurveyMonkey",68,29
2020,"Massachusetts",2020-11-03,2020-10-23,2020-10-30,929,2020-10-26,"MassINC Polling Group",62,28
2020,"Massachusetts",2020-11-03,2020-10-17,2020-10-30,3432,2020-10-23,"SurveyMonkey",68,29
2020,"Massachusetts",2020-11-03,2020-10-17,2020-10-30,3432,2020-10-23,"SurveyMonkey",68,29
2020,"Massachusetts",2020-11-03,2020-10-16,2020-10-29,3445,2020-10-22,"SurveyMonkey",68,29
2020,"Massachusetts",2020-11-03,2020-10-16,2020-10-29,3445,2020-10-22,"SurveyMonkey",68,29
2020,"Massachusetts",2020-11-03,2020-10-14,2020-10-21,713,2020-10-17,"YouGov",64,29
2020,"Michigan",2020-11-03,2020-10-31,2020-11-01,450,2020-10-31,"Research Co.",50,43
2020,"Michigan",2020-11-03,2020-10-29,2020-11-01,383,2020-10-30,"Change Research",51,44
2020,"Michigan",2020-11-03,2020-10-27,2020-11-01,654,2020-10-29,"Ipsos",53,45
2020,"Michigan",2020-11-03,2020-10-27,2020-11-01,654,2020-10-29,"Ipsos",53,43
2020,"Michigan",2020-11-03,2020-10-27,2020-11-01,413,2020-10-29,"Swayable",53.6,44.9
2020,"Michigan",2020-11-03,2020-10-20,2020-11-01,3976,2020-10-26,"SurveyMonkey",53,44
2020,"Michigan",2020-11-03,2020-10-20,2020-11-01,3976,2020-10-26,"SurveyMonkey",52,46
2020,"Michigan",2020-11-03,2020-10-30,2020-10-31,500,2020-10-30,"Opinion Savvy/InsiderAdvantage",48.8,46.7
2020,"Michigan",2020-11-03,2020-10-30,2020-10-31,686,2020-10-30,"AtlasIntel",48.3,45.9
2020,"Michigan",2020-11-03,2020-10-30,2020-10-31,1033,2020-10-30,"Trafalgar Group",45.8,48.3
2020,"Michigan",2020-11-03,2020-10-29,2020-10-31,700,2020-10-30,"Emerson College",52,45.5
2020,"Michigan",2020-11-03,2020-10-22,2020-10-31,1736,2020-10-26,"Morning Consult",51.8,44.5
2020,"Michigan",2020-11-03,2020-10-18,2020-10-31,4202,2020-10-24,"SurveyMonkey",52,45
2020,"Michigan",2020-11-03,2020-10-18,2020-10-31,4202,2020-10-24,"SurveyMonkey",52,46
2020,"Michigan",2020-11-03,2020-10-29,2020-10-30,745,2020-10-29,"Public Policy Polling",54,44
2020,"Michigan",2020-11-03,2020-10-25,2020-10-30,993,2020-10-27,"Targoz Market Research",53,39
2020,"Michigan",2020-11-03,2020-10-23,2020-10-30,907,2020-10-26,"SSRS",53,41
2020,"Michigan",2020-11-03,2020-10-23,2020-10-30,953,2020-10-26,"SSRS",54,40
2020,"Michigan",2020-11-03,2020-10-17,2020-10-30,4216,2020-10-23,"SurveyMonkey",53,44
2020,"Michigan",2020-11-03,2020-10-17,2020-10-30,4216,2020-10-23,"SurveyMonkey",52,46
2020,"Michigan",2020-11-03,2020-10-29,2020-10-29,817,2020-10-29,"Mitchell Research & Communications",52.1,45
2020,"Michigan",2020-11-03,2020-10-27,2020-10-29,800,2020-10-28,"RMG Research",51,44
2020,"Michigan",2020-11-03,2020-10-26,2020-10-29,1212,2020-10-27,"Redfield & Wilton Strategies",54,41
2020,"Michigan",2020-11-03,2020-10-16,2020-10-29,4244,2020-10-22,"SurveyMonkey",52,44
2020,"Michigan",2020-11-03,2020-10-16,2020-10-29,4244,2020-10-22,"SurveyMonkey",52,46
2020,"Michigan",2020-11-03,2020-10-25,2020-10-28,1058,2020-10-26,"Trafalgar Group",46.6,49.1
2020,"Michigan",2020-11-03,2020-10-25,2020-10-28,600,2020-10-26,"EPIC-MRA",48,41
2020,"Michigan",2020-11-03,2020-10-21,2020-10-28,669,2020-10-24,"Kiaer Research",53.5,40.6
2020,"Michigan",2020-11-03,2020-10-25,2020-10-27,759,2020-10-26,"Mitchell Research & Communications",52.4,42
2020,"Michigan",2020-11-03,2020-10-23,2020-10-26,856,2020-10-24,"Siena College/The New York Times Upshot",49,41
2020,"Michigan",2020-11-03,2020-10-23,2020-10-26,394,2020-10-24,"Swayable",58.6,39.6
2020,"Michigan",2020-11-03,2020-10-20,2020-10-26,652,2020-10-23,"Ipsos",52,43
2020,"Michigan",2020-11-03,2020-10-20,2020-10-26,652,2020-10-23,"Ipsos",53,43
2020,"Michigan",2020-11-03,2020-10-24,2020-10-25,1000,2020-10-24,"Wick",48.4,48.1
2020,"Michigan",2020-11-03,2020-10-23,2020-10-25,600,2020-10-24,"Glengariff Group",49.3,41.6
2020,"Michigan",2020-11-03,2020-10-20,2020-10-25,902,2020-10-22,"ABC News/The Washington Post",49,44
2020,"Michigan",2020-11-03,2020-10-20,2020-10-25,789,2020-10-22,"ABC News/The Washington Post",51,44
2020,"Michigan",2020-11-03,2020-10-24,2020-10-24,679,2020-10-24,"Gravis Marketing",55,42
2020,"Michigan",2020-11-03,2020-10-21,2020-10-22,804,2020-10-21,"Public Policy Polling",50,43
2020,"Michigan",2020-11-03,2020-10-13,2020-10-21,681,2020-10-17,"YouGov",52,42
2020,"Michigan",2020-11-03,2020-10-13,2020-10-21,745,2020-10-17,"YouGov",51,42
2020,"Michigan",2020-11-03,2020-10-17,2020-10-20,1032,2020-10-18,"Fox News/Beacon Research/Shaw & Co. Research",52,40
2020,"Michigan",2020-11-03,2020-10-17,2020-10-20,1104,2020-10-18,"Fox News/Beacon Research/Shaw & Co. Research",51,40
2020,"Michigan",2020-11-03,2020-10-17,2020-10-20,1000,2020-10-18,"Citizen Data",49.5,41.36
2020,"Michigan",2020-11-03,2020-10-14,2020-10-20,686,2020-10-17,"Ipsos",51,44
2020,"Michigan",2020-11-03,2020-10-14,2020-10-20,686,2020-10-17,"Ipsos",52,44
2020,"Michigan",2020-11-03,2020-10-11,2020-10-20,1717,2020-10-15,"Morning Consult",52,44
2020,"Michigan",2020-11-03,2020-10-16,2020-10-19,718,2020-10-17,"Change Research",51,44
2020,"Michigan",2020-11-03,2020-10-15,2020-10-19,600,2020-10-17,"EPIC-MRA",48,39
2020,"Michigan",2020-11-03,2020-10-18,2020-10-18,900,2020-10-18,"Mitchell Research & Communications",51,41
2020,"Michigan",2020-11-03,2020-10-15,2020-10-18,830,2020-10-16,"Data for Progress",50,45
2020,"Michigan",2020-11-03,2020-10-15,2020-10-18,1034,2020-10-16,"Trafalgar Group",44.9,46.7
2020,"Michigan",2020-11-03,2020-10-11,2020-10-18,2851,2020-10-14,"Zia Poll",45,49
2020,"Michigan",2020-11-03,2020-10-12,2020-10-15,1289,2020-10-13,"Harris Insights & Analytics",54,43
2020,"Michigan",2020-11-03,2020-10-11,2020-10-14,1025,2020-10-12,"Trafalgar Group",45.9,46.5
2020,"Michigan",2020-11-03,2020-10-10,2020-10-13,972,2020-10-11,"Redfield & Wilton Strategies",51,42
2020,"Michigan",2020-11-03,2020-10-08,2020-10-13,800,2020-10-10,"RMG Research",48,42
2020,"Michigan",2020-11-03,2020-10-07,2020-10-13,620,2020-10-10,"Ipsos",51,43
2020,"Michigan",2020-11-03,2020-10-07,2020-10-13,620,2020-10-10,"Ipsos",51,44
2020,"Michigan",2020-11-03,2020-10-08,2020-10-12,600,2020-10-10,"EPIC-MRA",48,39
2020,"Michigan",2020-11-03,2020-10-08,2020-10-11,543,2020-10-09,"Civiqs",52,43
2020,"Michigan",2020-11-03,2020-10-06,2020-10-11,614,2020-10-08,"Siena College/The New York Times Upshot",48,40
2020,"Michigan",2020-11-03,2020-10-09,2020-10-10,827,2020-10-09,"Redfield & Wilton Strategies",51,41
2020,"Michigan",2020-11-03,2020-10-06,2020-10-09,1190,2020-10-07,"YouGov",52,46
2020,"Michigan",2020-11-03,2020-10-06,2020-10-07,716,2020-10-06,"Emerson College",54.2,43.4
2020,"Michigan",2020-11-03,2020-10-04,2020-10-06,700,2020-10-05,"Redfield & Wilton Strategies",50,42
2020,"Minnesota",2020-11-03,2020-10-31,2020-11-01,450,2020-10-31,"Research Co.",52,43
2020,"Minnesota",2020-11-03,2020-10-27,2020-11-01,1259,2020-10-29,"Data for Progress",51,43
2020,"Minnesota",2020-11-03,2020-10-23,2020-11-01,466,2020-10-27,"Swayable",52.7,43.4
2020,"Minnesota",2020-11-03,2020-10-20,2020-11-01,2727,2020-10-26,"SurveyMonkey",55,42
2020,"Minnesota",2020-11-03,2020-10-20,2020-11-01,2727,2020-10-26,"SurveyMonkey",56,42
2020,"Minnesota",2020-11-03,2020-10-22,2020-10-31,883,2020-10-26,"Morning Consult",51.7,42.4
2020,"Minnesota",2020-11-03,2020-10-18,2020-10-31,2935,2020-10-24,"SurveyMonkey",54,43
2020,"Minnesota",2020-11-03,2020-10-18,2020-10-31,2935,2020-10-24,"SurveyMonkey",55,43
2020,"Minnesota",2020-11-03,2020-10-29,2020-10-30,770,2020-10-29,"Public Policy Polling",54,43
2020,"Minnesota",2020-11-03,2020-10-25,2020-10-30,1138,2020-10-27,"Targoz Market Research",53,44
2020,"Minnesota",2020-11-03,2020-10-17,2020-10-30,2919,2020-10-23,"SurveyMonkey",55,43
2020,"Minnesota",2020-11-03,2020-10-17,2020-10-30,2919,2020-10-23,"SurveyMonkey",55,42
2020,"Minnesota",2020-11-03,2020-10-16,2020-10-29,3011,2020-10-22,"SurveyMonkey",54,42
2020,"Minnesota",2020-11-03,2020-10-16,2020-10-29,3011,2020-10-22,"SurveyMonkey",55,42
2020,"Minnesota",2020-11-03,2020-10-10,2020-10-29,372,2020-10-19,"St. Cloud State University",54,39
2020,"Minnesota",2020-11-03,2020-10-23,2020-10-27,649,2020-10-25,"SurveyUSA",47,42
2020,"Minnesota",2020-11-03,2020-10-24,2020-10-26,657,2020-10-25,"Gravis Marketing",53,39
2020,"Minnesota",2020-11-03,2020-10-24,2020-10-25,1065,2020-10-24,"Trafalgar Group",48,44.8
2020,"Minnesota",2020-11-03,2020-10-17,2020-10-20,840,2020-10-18,"Civiqs",53,43
2020,"Minnesota",2020-11-03,2020-10-16,2020-10-20,625,2020-10-18,"SurveyUSA",48,42
2020,"Minnesota",2020-11-03,2020-10-11,2020-10-20,864,2020-10-15,"Morning Consult",51,42
2020,"Minnesota",2020-11-03,2020-10-12,2020-10-15,1021,2020-10-13,"Change Research",49,44
2020,"Minnesota",2020-11-03,2020-10-10,2020-10-13,200,2020-10-11,"David Binder Research",52,41
2020,"Mississippi",2020-11-03,2020-10-27,2020-11-01,562,2020-10-29,"Data for Progress",41,55
2020,"Mississippi",2020-11-03,2020-10-20,2020-11-01,1336,2020-10-26,"SurveyMonkey",42,55
2020,"Mississippi",2020-11-03,2020-10-20,2020-11-01,1336,2020-10-26,"SurveyMonkey",37,61
2020,"Mississippi",2020-11-03,2020-10-18,2020-10-31,1369,2020-10-24,"SurveyMonkey",43,55
2020,"Mississippi",2020-11-03,2020-10-18,2020-10-31,1369,2020-10-24,"SurveyMonkey",37,61
2020,"Mississippi",2020-11-03,2020-10-17,2020-10-30,1346,2020-10-23,"SurveyMonkey",42,56
2020,"Mississippi",2020-11-03,2020-10-17,2020-10-30,1346,2020-10-23,"SurveyMonkey",37,62
2020,"Mississippi",2020-11-03,2020-10-16,2020-10-29,1342,2020-10-22,"SurveyMonkey",42,56
2020,"Mississippi",2020-11-03,2020-10-16,2020-10-29,1342,2020-10-22,"SurveyMonkey",37,61
2020,"Mississippi",2020-11-03,2020-10-23,2020-10-26,507,2020-10-24,"Civiqs",41,55
2020,"Missouri",2020-11-03,2020-10-23,2020-11-01,487,2020-10-27,"Swayable",43.4,54.6
2020,"Missouri",2020-11-03,2020-10-20,2020-11-01,2644,2020-10-26,"SurveyMonkey",43,54
2020,"Missouri",2020-11-03,2020-10-20,2020-11-01,2644,2020-10-26,"SurveyMonkey",44,54
2020,"Missouri",2020-11-03,2020-10-22,2020-10-31,1109,2020-10-26,"Morning Consult",42.9,52.3
2020,"Missouri",2020-11-03,2020-10-18,2020-10-31,2849,2020-10-24,"SurveyMonkey",43,54
2020,"Missouri",2020-11-03,2020-10-18,2020-10-31,2849,2020-10-24,"SurveyMonkey",43,54
2020,"Missouri",2020-11-03,2020-10-17,2020-10-30,2835,2020-10-23,"SurveyMonkey",43,54
2020,"Missouri",2020-11-03,2020-10-17,2020-10-30,2835,2020-10-23,"SurveyMonkey",43,55
2020,"Missouri",2020-11-03,2020-10-28,2020-10-29,1010,2020-10-28,"Remington Research Group",45,50
2020,"Missouri",2020-11-03,2020-10-16,2020-10-29,2770,2020-10-22,"SurveyMonkey",44,54
2020,"Missouri",2020-11-03,2020-10-16,2020-10-29,2770,2020-10-22,"SurveyMonkey",44,54
2020,"Missouri",2020-11-03,2020-10-14,2020-10-15,1010,2020-10-14,"Remington Research Group",45,51
2020,"Montana",2020-11-03,2020-10-29,2020-11-02,920,2020-10-31,"Change Research",45,50
2020,"Montana",2020-11-03,2020-10-20,2020-11-01,957,2020-10-26,"SurveyMonkey",46,52
2020,"Montana",2020-11-03,2020-10-20,2020-11-01,957,2020-10-26,"SurveyMonkey",46,52
2020,"Montana",2020-11-03,2020-10-18,2020-10-31,1031,2020-10-24,"SurveyMonkey",46,52
2020,"Montana",2020-11-03,2020-10-18,2020-10-31,1031,2020-10-24,"SurveyMonkey",46,52
2020,"Montana",2020-11-03,2020-10-17,2020-10-30,999,2020-10-23,"SurveyMonkey",46,51
2020,"Montana",2020-11-03,2020-10-17,2020-10-30,999,2020-10-23,"SurveyMonkey",46,52
2020,"Montana",2020-11-03,2020-10-16,2020-10-29,980,2020-10-22,"SurveyMonkey",46,51
2020,"Montana",2020-11-03,2020-10-16,2020-10-29,980,2020-10-22,"SurveyMonkey",46,52
2020,"Montana",2020-11-03,2020-10-26,2020-10-27,886,2020-10-26,"Public Policy Polling",47,49
2020,"Montana",2020-11-03,2020-10-19,2020-10-24,546,2020-10-21,"Montana State University Billings",45,52
2020,"Montana",2020-11-03,2020-10-18,2020-10-20,758,2020-10-19,"Siena College/The New York Times Upshot",43,49
2020,"Montana",2020-11-03,2020-10-15,2020-10-20,500,2020-10-17,"Strategies 360",43,51
2020,"Montana",2020-11-03,2020-10-15,2020-10-18,800,2020-10-16,"RMG Research",46,50
2020,"Montana",2020-11-03,2020-10-09,2020-10-10,798,2020-10-09,"Public Policy Polling",46,52
2020,"Montana",2020-11-03,2020-10-05,2020-10-07,500,2020-10-06,"Emerson College",43.6,56.4
2020,"Nebraska",2020-11-03,2020-10-20,2020-11-01,1666,2020-10-26,"SurveyMonkey",44,54
2020,"Nebraska",2020-11-03,2020-10-20,2020-11-01,1666,2020-10-26,"SurveyMonkey",43,55
2020,"Nebraska",2020-11-03,2020-10-18,2020-10-31,1751,2020-10-24,"SurveyMonkey",43,55
2020,"Nebraska",2020-11-03,2020-10-18,2020-10-31,1751,2020-10-24,"SurveyMonkey",43,56
2020,"Nebraska",2020-11-03,2020-10-17,2020-10-30,1722,2020-10-23,"SurveyMonkey",43,55
2020,"Nebraska",2020-11-03,2020-10-17,2020-10-30,1722,2020-10-23,"SurveyMonkey",42,56
2020,"Nebraska",2020-11-03,2020-10-16,2020-10-29,1678,2020-10-22,"SurveyMonkey",43,55
2020,"Nebraska",2020-11-03,2020-10-16,2020-10-29,1678,2020-10-22,"SurveyMonkey",42,56
2020,"Nevada",2020-11-03,2020-10-27,2020-11-01,1442,2020-10-29,"Data for Progress",51,44
2020,"Nevada",2020-11-03,2020-10-20,2020-11-01,2211,2020-10-26,"SurveyMonkey",50,48
2020,"Nevada",2020-11-03,2020-10-20,2020-11-01,2211,2020-10-26,"SurveyMonkey",49,49
2020,"Nevada",2020-11-03,2020-10-29,2020-10-31,720,2020-10-30,"Emerson College",48.9,47.2
2020,"Nevada",2020-11-03,2020-10-18,2020-10-31,2247,2020-10-24,"SurveyMonkey",50,48
2020,"Nevada",2020-11-03,2020-10-18,2020-10-31,2247,2020-10-24,"SurveyMonkey",49,49
2020,"Nevada",2020-11-03,2020-10-17,2020-10-30,2047,2020-10-23,"SurveyMonkey",51,47
2020,"Nevada",2020-11-03,2020-10-17,2020-10-30,2047,2020-10-23,"SurveyMonkey",50,48
2020,"Nevada",2020-11-03,2020-10-28,2020-10-29,1024,2020-10-28,"Trafalgar Group",49.4,47.1
2020,"Nevada",2020-11-03,2020-10-16,2020-10-29,2072,2020-10-22,"SurveyMonkey",51,47
2020,"Nevada",2020-11-03,2020-10-16,2020-10-29,2072,2020-10-22,"SurveyMonkey",49,49
2020,"Nevada",2020-11-03,2020-10-27,2020-10-28,688,2020-10-27,"Gravis Marketing",50,44
2020,"Nevada",2020-11-03,2020-10-23,2020-10-26,809,2020-10-24,"Siena College/The New York Times Upshot",49,43
2020,"Nevada",2020-11-03,2020-10-16,2020-10-23,802,2020-10-19,"University of Nevada, Las Vegas",50,41
2020,"Nevada",2020-11-03,2020-10-17,2020-10-20,712,2020-10-18,"Civiqs",52,43
2020,"Nevada",2020-11-03,2020-10-07,2020-10-11,512,2020-10-09,"WPA Intelligence (WPAi)",44,42
2020,"Nevada",2020-11-03,2020-10-06,2020-10-09,1036,2020-10-07,"YouGov",52,46
2020,"New Hampshire",2020-11-03,2020-10-20,2020-11-01,910,2020-10-26,"SurveyMonkey",54,45
2020,"New Hampshire",2020-11-03,2020-10-20,2020-11-01,910,2020-10-26,"SurveyMonkey",53,46
2020,"New Hampshire",2020-11-03,2020-10-18,2020-10-31,982,2020-10-24,"SurveyMonkey",53,46
2020,"New Hampshire",2020-11-03,2020-10-18,2020-10-31,982,2020-10-24,"SurveyMonkey",52,47
2020,"New Hampshire",2020-11-03,2020-10-17,2020-10-30,973,2020-10-23,"SurveyMonkey",53,46
2020,"New Hampshire",2020-11-03,2020-10-17,2020-10-30,973,2020-10-23,"SurveyMonkey",52,47
2020,"New Hampshire",2020-11-03,2020-10-16,2020-10-29,986,2020-10-22,"SurveyMonkey",53,45
2020,"New Hampshire",2020-11-03,2020-10-16,2020-10-29,986,2020-10-22,"SurveyMonkey",53,46
2020,"New Hampshire",2020-11-03,2020-10-26,2020-10-28,600,2020-10-27,"American Research Group",58,39
2020,"New Hampshire",2020-11-03,2020-10-24,2020-10-28,864,2020-10-26,"University of New Hampshire",53,45
2020,"New Hampshire",2020-11-03,2020-10-23,2020-10-26,1018,2020-10-24,"Saint Anselm College",52,44
2020,"New Hampshire",2020-11-03,2020-10-16,2020-10-26,757,2020-10-21,"University of Massachusetts Lowell",53,43
2020,"New Hampshire",2020-11-03,2020-10-09,2020-10-12,899,2020-10-10,"University of New Hampshire",55,43
2020,"New Hampshire",2020-11-03,2020-10-08,2020-10-12,500,2020-10-10,"Suffolk University",51,40.8
2020,"New Jersey",2020-11-03,2020-10-31,2020-11-01,450,2020-10-31,"Research Co.",56,38
2020,"New Jersey",2020-11-03,2020-10-27,2020-11-01,324,2020-10-29,"Swayable",58.9,40
2020,"New Jersey",2020-11-03,2020-10-20,2020-11-01,3480,2020-10-26,"SurveyMonkey",59,38
2020,"New Jersey",2020-11-03,2020-10-20,2020-11-01,3480,2020-10-26,"SurveyMonkey",59,39
2020,"New Jersey",2020-11-03,2020-10-18,2020-10-31,3697,2020-10-24,"SurveyMonkey",60,37
2020,"New Jersey",2020-11-03,2020-10-18,2020-10-31,3697,2020-10-24,"SurveyMonkey",60,38
2020,"New Jersey",2020-11-03,2020-10-17,2020-10-30,3688,2020-10-23,"SurveyMonkey",60,37
2020,"New Jersey",2020-11-03,2020-10-17,2020-10-30,3688,2020-10-23,"SurveyMonkey",60,38
2020,"New Jersey",2020-11-03,2020-10-16,2020-10-29,3743,2020-10-22,"SurveyMonkey",60,37
2020,"New Jersey",2020-11-03,2020-10-16,2020-10-29,3743,2020-10-22,"SurveyMonkey",60,38
2020,"New Jersey",2020-11-03,2020-10-23,2020-10-26,386,2020-10-24,"Swayable",61.8,37.7
2020,"New Jersey",2020-11-03,2020-10-18,2020-10-24,972,2020-10-21,"Rutgers University",59,37
2020,"New Jersey",2020-11-03,2020-10-18,2020-10-24,872,2020-10-21,"Rutgers University",61,37
2020,"New Jersey",2020-11-03,2020-10-07,2020-10-13,721,2020-10-10,"Stockton University",56.3,35.8
2020,"New Jersey",2020-11-03,2020-10-05,2020-10-13,500,2020-10-09,"DKC Analytics",56,34
2020,"New Mexico",2020-11-03,2020-10-20,2020-11-01,1375,2020-10-26,"SurveyMonkey",56,42
2020,"New Mexico",2020-11-03,2020-10-20,2020-11-01,1375,2020-10-26,"SurveyMonkey",56,42
2020,"New Mexico",2020-11-03,2020-10-18,2020-10-31,1463,2020-10-24,"SurveyMonkey",55,43
2020,"New Mexico",2020-11-03,2020-10-18,2020-10-31,1463,2020-10-24,"SurveyMonkey",55,43
2020,"New Mexico",2020-11-03,2020-10-17,2020-10-30,1483,2020-10-23,"SurveyMonkey",55,43
2020,"New Mexico",2020-11-03,2020-10-17,2020-10-30,1483,2020-10-23,"SurveyMonkey",55,43
2020,"New Mexico",2020-11-03,2020-10-23,2020-10-29,1180,2020-10-26,"Research & Polling Inc.",54,42
2020,"New Mexico",2020-11-03,2020-10-16,2020-10-29,1548,2020-10-22,"SurveyMonkey",55,43
2020,"New Mexico",2020-11-03,2020-10-16,2020-10-29,1548,2020-10-22,"SurveyMonkey",56,43
2020,"New Mexico",2020-11-03,2020-10-14,2020-10-17,600,2020-10-15,"GBAO",54,41
2020,"New York",2020-11-03,2020-10-31,2020-11-01,450,2020-10-31,"Research Co.",61,33
2020,"New York",2020-11-03,2020-10-20,2020-11-01,5830,2020-10-26,"SurveyMonkey",63,34
2020,"New York",2020-11-03,2020-10-20,2020-11-01,5830,2020-10-26,"SurveyMonkey",63,35
2020,"New York",2020-11-03,2020-10-18,2020-10-31,5934,2020-10-24,"SurveyMonkey",63,34
2020,"New York",2020-11-03,2020-10-18,2020-10-31,5934,2020-10-24,"SurveyMonkey",63,35
2020,"New York",2020-11-03,2020-10-17,2020-10-30,5769,2020-10-23,"SurveyMonkey",62,34
2020,"New York",2020-11-03,2020-10-17,2020-10-30,5769,2020-10-23,"SurveyMonkey",63,35
2020,"New York",2020-11-03,2020-10-16,2020-10-29,5531,2020-10-22,"SurveyMonkey",62,34
2020,"New York",2020-11-03,2020-10-16,2020-10-29,5531,2020-10-22,"SurveyMonkey",62,35
2020,"New York",2020-11-03,2020-10-23,2020-10-26,495,2020-10-24,"Swayable",65.4,32.8
2020,"North Carolina",2020-11-03,2020-10-27,2020-11-02,690,2020-10-30,"Swayable",52.3,46.4
2020,"North Carolina",2020-11-03,2020-10-29,2020-11-01,473,2020-10-30,"Change Research",49,47
2020,"North Carolina",2020-11-03,2020-10-27,2020-11-01,908,2020-10-29,"Data for Progress",50,48
2020,"North Carolina",2020-11-03,2020-10-27,2020-11-01,707,2020-10-29,"Ipsos",50,48
2020,"North Carolina",2020-11-03,2020-10-27,2020-11-01,707,2020-10-29,"Ipsos",49,48
2020,"North Carolina",2020-11-03,2020-10-20,2020-11-01,4867,2020-10-26,"SurveyMonkey",53,45
2020,"North Carolina",2020-11-03,2020-10-20,2020-11-01,4867,2020-10-26,"SurveyMonkey",51,47
2020,"North Carolina",2020-11-03,2020-10-30,2020-10-31,450,2020-10-30,"Opinion Savvy/InsiderAdvantage",43.6,48
2020,"North Carolina",2020-11-03,2020-10-30,2020-10-31,812,2020-10-30,"AtlasIntel",47.5,49.5
2020,"North Carolina",2020-11-03,2020-10-30,2020-10-31,676,2020-10-30,"Frederick Polls",51,49
2020,"North Carolina",2020-11-03,2020-10-29,2020-10-31,855,2020-10-30,"Emerson College",47.4,47.1
2020,"North Carolina",2020-11-03,2020-10-22,2020-10-31,1982,2020-10-26,"Morning Consult",49.1,48.4
2020,"North Carolina",2020-11-03,2020-10-18,2020-10-31,5274,2020-10-24,"SurveyMonkey",53,45
2020,"North Carolina",2020-11-03,2020-10-18,2020-10-31,5274,2020-10-24,"SurveyMonkey",52,47
2020,"North Carolina",2020-11-03,2020-10-23,2020-10-30,901,2020-10-26,"SSRS",51,45
2020,"North Carolina",2020-11-03,2020-10-23,2020-10-30,932,2020-10-26,"SSRS",50,44
2020,"North Carolina",2020-11-03,2020-10-17,2020-10-30,5280,2020-10-23,"SurveyMonkey",53,45
2020,"North Carolina",2020-11-03,2020-10-17,2020-10-30,5280,2020-10-23,"SurveyMonkey",52,47
2020,"North Carolina",2020-11-03,2020-10-28,2020-10-29,800,2020-10-28,"Rasmussen Reports/Pulse Opinion Research",47,48
2020,"North Carolina",2020-11-03,2020-10-27,2020-10-29,1082,2020-10-28,"Trafalgar Group",47,49
2020,"North Carolina",2020-11-03,2020-10-26,2020-10-29,903,2020-10-27,"Harris Insights & Analytics",49,48
2020,"North Carolina",2020-11-03,2020-10-26,2020-10-29,1489,2020-10-27,"Redfield & Wilton Strategies",49,47
2020,"North Carolina",2020-11-03,2020-10-16,2020-10-29,5356,2020-10-22,"SurveyMonkey",52,46
2020,"North Carolina",2020-11-03,2020-10-16,2020-10-29,5356,2020-10-22,"SurveyMonkey",51,47
2020,"North Carolina",2020-11-03,2020-10-27,2020-10-28,750,2020-10-27,"Cardinal Point Analytics (CardinalGPS)",45.9,48.05
2020,"North Carolina",2020-11-03,2020-10-27,2020-10-28,1103,2020-10-27,"East Carolina University",50.32,47.6
2020,"North Carolina",2020-11-03,2020-10-25,2020-10-28,1049,2020-10-26,"Marist College",51,46
2020,"North Carolina",2020-11-03,2020-10-25,2020-10-28,800,2020-10-26,"Marist College",52,46
2020,"North Carolina",2020-11-03,2020-10-26,2020-10-27,937,2020-10-26,"Public Policy Polling",51,47
2020,"North Carolina",2020-11-03,2020-10-26,2020-10-27,614,2020-10-26,"Gravis Marketing",49,46
2020,"North Carolina",2020-11-03,2020-10-24,2020-10-27,600,2020-10-25,"Meeting Street Research",48,45
2020,"North Carolina",2020-11-03,2020-10-23,2020-10-27,1034,2020-10-25,"Siena College/The New York Times Upshot",48,45
2020,"North Carolina",2020-11-03,2020-10-21,2020-10-27,647,2020-10-24,"Ipsos",49,48
2020,"North Carolina",2020-11-03,2020-10-21,2020-10-27,647,2020-10-24,"Ipsos",49,48
2020,"North Carolina",2020-11-03,2020-10-24,2020-10-26,800,2020-10-25,"RMG Research",48,47
2020,"North Carolina",2020-11-03,2020-10-23,2020-10-26,627,2020-10-24,"SurveyUSA",48,48
2020,"North Carolina",2020-11-03,2020-10-23,2020-10-26,396,2020-10-24,"Swayable",50.2,47.5
2020,"North Carolina",2020-11-03,2020-10-20,2020-10-26,911,2020-10-23,"University of Massachusetts Lowell",48,48
2020,"North Carolina",2020-11-03,2020-10-24,2020-10-25,1000,2020-10-24,"Wick",47.2,49.4
2020,"North Carolina",2020-11-03,2020-10-22,2020-10-25,504,2020-10-23,"Harper Polling",47,46
2020,"North Carolina",2020-11-03,2020-10-20,2020-10-23,1022,2020-10-21,"YouGov",51,47
2020,"North Carolina",2020-11-03,2020-10-20,2020-10-22,1098,2020-10-21,"Trafalgar Group",46,48.8
2020,"North Carolina",2020-11-03,2020-10-20,2020-10-21,800,2020-10-20,"Rasmussen Reports/Pulse Opinion Research",48,49
2020,"North Carolina",2020-11-03,2020-10-17,2020-10-20,1000,2020-10-18,"Citizen Data",50.15,43.63
2020,"North Carolina",2020-11-03,2020-10-14,2020-10-20,660,2020-10-17,"Ipsos",49,46
2020,"North Carolina",2020-11-03,2020-10-14,2020-10-20,660,2020-10-17,"Ipsos",49,47
2020,"North Carolina",2020-11-03,2020-10-11,2020-10-20,1904,2020-10-15,"Morning Consult",50,47
2020,"North Carolina",2020-11-03,2020-10-16,2020-10-19,521,2020-10-17,"Change Research",50,47
2020,"North Carolina",2020-11-03,2020-10-16,2020-10-19,732,2020-10-17,"Meredith College",48.1,44
2020,"North Carolina",2020-11-03,2020-10-15,2020-10-18,1155,2020-10-16,"East Carolina University",50.6,47.4
2020,"North Carolina",2020-11-03,2020-10-15,2020-10-18,929,2020-10-16,"Data for Progress",48,44
2020,"North Carolina",2020-11-03,2020-10-12,2020-10-17,706,2020-10-14,"ABC News/The Washington Post",48,46
2020,"North Carolina",2020-11-03,2020-10-12,2020-10-17,646,2020-10-14,"ABC News/The Washington Post",49,48
2020,"North Carolina",2020-11-03,2020-10-12,2020-10-17,706,2020-10-14,"ABC News/The Washington Post",50,47
2020,"North Carolina",2020-11-03,2020-10-12,2020-10-17,646,2020-10-14,"ABC News/The Washington Post",50,48
2020,"North Carolina",2020-11-03,2020-10-13,2020-10-14,721,2020-10-13,"Emerson College",49.2,49.2
2020,"North Carolina",2020-11-03,2020-10-11,2020-10-14,1211,2020-10-12,"Civiqs",51,46
2020,"North Carolina",2020-11-03,2020-10-10,2020-10-13,994,2020-10-11,"Redfield & Wilton Strategies",49,46
2020,"North Carolina",2020-11-03,2020-10-09,2020-10-13,627,2020-10-11,"Siena College/The New York Times Upshot",46,42
2020,"North Carolina",2020-11-03,2020-10-07,2020-10-13,660,2020-10-10,"Ipsos",48,47
2020,"North Carolina",2020-11-03,2020-10-07,2020-10-13,660,2020-10-10,"Ipsos",48,48
2020,"North Carolina",2020-11-03,2020-10-08,2020-10-11,669,2020-10-09,"SurveyUSA",50,45
2020,"North Carolina",2020-11-03,2020-10-08,2020-10-11,500,2020-10-09,"Monmouth University",49,46
2020,"North Carolina",2020-11-03,2020-10-08,2020-10-11,500,2020-10-09,"Monmouth University",50,46
2020,"North Carolina",2020-11-03,2020-10-08,2020-10-11,500,2020-10-09,"Monmouth University",49,48
2020,"North Carolina",2020-11-03,2020-10-07,2020-10-11,800,2020-10-09,"RMG Research",47,45
2020,"North Carolina",2020-11-03,2020-10-07,2020-10-11,500,2020-10-09,"Susquehanna Polling & Research Inc.",48,46
2020,"North Carolina",2020-11-03,2020-10-09,2020-10-10,950,2020-10-09,"Redfield & Wilton Strategies",49,42
2020,"North Carolina",2020-11-03,2020-10-04,2020-10-06,938,2020-10-05,"Redfield & Wilton Strategies",49,44
2020,"North Carolina",2020-11-03,2020-10-04,2020-10-05,911,2020-10-04,"Public Policy Polling",50,46
2020,"North Dakota",2020-11-03,2020-10-20,2020-11-01,370,2020-10-26,"SurveyMonkey",40,58
2020,"North Dakota",2020-11-03,2020-10-20,2020-11-01,370,2020-10-26,"SurveyMonkey",39,59
2020,"North Dakota",2020-11-03,2020-10-18,2020-10-31,399,2020-10-24,"SurveyMonkey",41,57
2020,"North Dakota",2020-11-03,2020-10-18,2020-10-31,399,2020-10-24,"SurveyMonkey",40,59
2020,"North Dakota",2020-11-03,2020-10-17,2020-10-30,398,2020-10-23,"SurveyMonkey",40,59
2020,"North Dakota",2020-11-03,2020-10-17,2020-10-30,398,2020-10-23,"SurveyMonkey",38,60
2020,"North Dakota",2020-11-03,2020-10-16,2020-10-29,399,2020-10-22,"SurveyMonkey",39,59
2020,"North Dakota",2020-11-03,2020-10-16,2020-10-29,399,2020-10-22,"SurveyMonkey",38,60
2020,"Ohio",2020-11-03,2020-10-31,2020-11-01,450,2020-10-31,"Research Co.",47,47
2020,"Ohio",2020-11-03,2020-10-31,2020-11-01,800,2020-10-31,"Rasmussen Reports/Pulse Opinion Research",45,49
2020,"Ohio",2020-11-03,2020-10-29,2020-11-01,1136,2020-10-30,"Civiqs",48,49
2020,"Ohio",2020-11-03,2020-10-28,2020-11-01,1440,2020-10-30,"Quinnipiac University",47,43
2020,"Ohio",2020-11-03,2020-10-27,2020-11-01,516,2020-10-29,"Swayable",47.1,52.3
2020,"Ohio",2020-11-03,2020-10-20,2020-11-01,5305,2020-10-26,"SurveyMonkey",48,50
2020,"Ohio",2020-11-03,2020-10-20,2020-11-01,5305,2020-10-26,"SurveyMonkey",47,50
2020,"Ohio",2020-11-03,2020-10-30,2020-10-31,1041,2020-10-30,"Trafalgar Group",44.4,49.2
2020,"Ohio",2020-11-03,2020-10-29,2020-10-31,656,2020-10-30,"Emerson College",49.6,48.7
2020,"Ohio",2020-11-03,2020-10-22,2020-10-31,2179,2020-10-26,"Morning Consult",46.6,49.2
2020,"Ohio",2020-11-03,2020-10-18,2020-10-31,5468,2020-10-24,"SurveyMonkey",48,49
2020,"Ohio",2020-11-03,2020-10-18,2020-10-31,5468,2020-10-24,"SurveyMonkey",48,50
2020,"Ohio",2020-11-03,2020-10-29,2020-10-30,660,2020-10-29,"AtlasIntel",46.5,50.4
2020,"Ohio",2020-11-03,2020-10-17,2020-10-30,5321,2020-10-23,"SurveyMonkey",48,50
2020,"Ohio",2020-11-03,2020-10-17,2020-10-30,5321,2020-10-23,"SurveyMonkey",48,50
2020,"Ohio",2020-11-03,2020-10-16,2020-10-29,5092,2020-10-22,"SurveyMonkey",48,50
2020,"Ohio",2020-11-03,2020-10-16,2020-10-29,5092,2020-10-22,"SurveyMonkey",47,51
2020,"Ohio",2020-11-03,2020-10-27,2020-10-28,613,2020-10-27,"Gravis Marketing",47,49
2020,"Ohio",2020-11-03,2020-10-23,2020-10-27,1186,2020-10-25,"Quinnipiac University",48,43
2020,"Ohio",2020-11-03,2020-10-23,2020-10-26,440,2020-10-24,"Swayable",43.6,55.3
2020,"Ohio",2020-11-03,2020-10-24,2020-10-25,1000,2020-10-24,"Wick",46.5,49.4
2020,"Ohio",2020-11-03,2020-10-17,2020-10-20,1018,2020-10-18,"Fox News/Beacon Research/Shaw & Co. Research",45,48
2020,"Ohio",2020-11-03,2020-10-17,2020-10-20,1102,2020-10-18,"Fox News/Beacon Research/Shaw & Co. Research",44,46
2020,"Ohio",2020-11-03,2020-10-17,2020-10-20,1000,2020-10-18,"Citizen Data",43.2,44.41
2020,"Ohio",2020-11-03,2020-10-11,2020-10-20,2271,2020-10-15,"Morning Consult",47,49
2020,"Ohio",2020-11-03,2020-10-18,2020-10-19,800,2020-10-18,"Rasmussen Reports/Pulse Opinion Research",48,47
2020,"Ohio",2020-11-03,2020-10-08,2020-10-12,1160,2020-10-10,"Quinnipiac University",48,47
2020,"Ohio",2020-11-03,2020-10-08,2020-10-11,586,2020-10-09,"Civiqs",47,50
2020,"Oklahoma",2020-11-03,2020-10-20,2020-11-01,1745,2020-10-26,"SurveyMonkey",36,62
2020,"Oklahoma",2020-11-03,2020-10-20,2020-11-01,1745,2020-10-26,"SurveyMonkey",35,64
2020,"Oklahoma",2020-11-03,2020-10-17,2020-10-31,1880,2020-10-24,"SurveyMonkey",36,62
2020,"Oklahoma",2020-11-03,2020-10-17,2020-10-31,1880,2020-10-24,"SurveyMonkey",35,64
2020,"Oklahoma",2020-11-03,2020-10-17,2020-10-30,1865,2020-10-23,"SurveyMonkey",37,62
2020,"Oklahoma",2020-11-03,2020-10-17,2020-10-30,1865,2020-10-23,"SurveyMonkey",36,63
2020,"Oklahoma",2020-11-03,2020-10-16,2020-10-29,1866,2020-10-22,"SurveyMonkey",37,62
2020,"Oklahoma",2020-11-03,2020-10-16,2020-10-29,1866,2020-10-22,"SurveyMonkey",35,64
2020,"Oklahoma",2020-11-03,2020-10-15,2020-10-20,5466,2020-10-17,"SoonerPoll.com",36.5,58.5
2020,"Oregon",2020-11-03,2020-10-23,2020-11-01,324,2020-10-27,"Swayable",60.4,37.2
2020,"Oregon",2020-11-03,2020-10-20,2020-11-01,3252,2020-10-26,"SurveyMonkey",59,39
2020,"Oregon",2020-11-03,2020-10-20,2020-11-01,3252,2020-10-26,"SurveyMonkey",59,39
2020,"Oregon",2020-11-03,2020-10-18,2020-10-31,3451,2020-10-24,"SurveyMonkey",59,39
2020,"Oregon",2020-11-03,2020-10-18,2020-10-31,3451,2020-10-24,"SurveyMonkey",59,39
2020,"Oregon",2020-11-03,2020-10-17,2020-10-30,3468,2020-10-23,"SurveyMonkey",59,39
2020,"Oregon",2020-11-03,2020-10-17,2020-10-30,3468,2020-10-23,"SurveyMonkey",60,39
2020,"Oregon",2020-11-03,2020-10-16,2020-10-29,3425,2020-10-22,"SurveyMonkey",59,39
2020,"Oregon",2020-11-03,2020-10-16,2020-10-29,3425,2020-10-22,"SurveyMonkey",59,39
2020,"Pennsylvania",2020-11-03,2020-11-01,2020-11-02,499,2020-11-01,"Susquehanna Polling & Research Inc.",48.4,49.2
2020,"Pennsylvania",2020-11-03,2020-10-27,2020-11-02,1107,2020-10-30,"Swayable",49.9,48.4
2020,"Pennsylvania",2020-11-03,2020-10-31,2020-11-01,450,2020-10-31,"Research Co.",50,44
2020,"Pennsylvania",2020-11-03,2020-10-31,2020-11-01,800,2020-10-31,"Rasmussen Reports/Pulse Opinion Research",50,47
2020,"Pennsylvania",2020-11-03,2020-10-30,2020-11-01,340,2020-10-31,"AYTM",51,49
2020,"Pennsylvania",2020-11-03,2020-10-29,2020-11-01,772,2020-10-30,"Marist College",51,46
2020,"Pennsylvania",2020-11-03,2020-10-29,2020-11-01,1020,2020-10-30,"Marist College",50,46
2020,"Pennsylvania",2020-11-03,2020-10-29,2020-11-01,699,2020-10-30,"Change Research",50,46
2020,"Pennsylvania",2020-11-03,2020-10-28,2020-11-01,502,2020-10-30,"Monmouth University",50,45
2020,"Pennsylvania",2020-11-03,2020-10-28,2020-11-01,502,2020-10-30,"Monmouth University",51,44
2020,"Pennsylvania",2020-11-03,2020-10-28,2020-11-01,502,2020-10-30,"Monmouth University",50,45
2020,"Pennsylvania",2020-11-03,2020-10-27,2020-11-01,673,2020-10-29,"Ipsos",52,46
2020,"Pennsylvania",2020-11-03,2020-10-27,2020-11-01,673,2020-10-29,"Ipsos",51,45
2020,"Pennsylvania",2020-11-03,2020-10-27,2020-11-01,1417,2020-10-29,"Data for Progress",52,45
2020,"Pennsylvania",2020-11-03,2020-10-20,2020-11-01,5358,2020-10-26,"SurveyMonkey",52,45
2020,"Pennsylvania",2020-11-03,2020-10-20,2020-11-01,5358,2020-10-26,"SurveyMonkey",51,47
2020,"Pennsylvania",2020-11-03,2020-10-30,2020-10-31,500,2020-10-30,"Opinion Savvy/InsiderAdvantage",47.4,48.7
2020,"Pennsylvania",2020-11-03,2020-10-30,2020-10-31,879,2020-10-30,"Frederick Polls",52,48
2020,"Pennsylvania",2020-11-03,2020-10-30,2020-10-31,1062,2020-10-30,"Trafalgar Group",45.9,47.8
2020,"Pennsylvania",2020-11-03,2020-10-26,2020-10-31,1862,2020-10-28,"Siena College/The New York Times Upshot",49,43
2020,"Pennsylvania",2020-11-03,2020-10-22,2020-10-31,2686,2020-10-26,"Morning Consult",51.9,43.2
2020,"Pennsylvania",2020-11-03,2020-10-18,2020-10-31,5750,2020-10-24,"SurveyMonkey",52,45
2020,"Pennsylvania",2020-11-03,2020-10-18,2020-10-31,5750,2020-10-24,"SurveyMonkey",51,47
2020,"Pennsylvania",2020-11-03,2020-10-29,2020-10-30,672,2020-10-29,"AtlasIntel",48.5,49.6
2020,"Pennsylvania",2020-11-03,2020-10-29,2020-10-30,823,2020-10-29,"Emerson College",51.5,46.6
2020,"Pennsylvania",2020-11-03,2020-10-25,2020-10-30,998,2020-10-27,"Targoz Market Research",56,42
2020,"Pennsylvania",2020-11-03,2020-10-17,2020-10-30,5663,2020-10-23,"SurveyMonkey",52,45
2020,"Pennsylvania",2020-11-03,2020-10-17,2020-10-30,5663,2020-10-23,"SurveyMonkey",52,46
2020,"Pennsylvania",2020-11-03,2020-10-28,2020-10-29,1012,2020-10-28,"Public Policy Polling",52,45
2020,"Pennsylvania",2020-11-03,2020-10-26,2020-10-29,901,2020-10-27,"Harris Insights & Analytics",51,46
2020,"Pennsylvania",2020-11-03,2020-10-26,2020-10-29,2125,2020-10-27,"Redfield & Wilton Strategies",50,45
2020,"Pennsylvania",2020-11-03,2020-10-24,2020-10-29,908,2020-10-26,"ABC News/The Washington Post",49,45
2020,"Pennsylvania",2020-11-03,2020-10-24,2020-10-29,810,2020-10-26,"ABC News/The Washington Post",51,44
2020,"Pennsylvania",2020-11-03,2020-10-16,2020-10-29,5786,2020-10-22,"SurveyMonkey",52,45
2020,"Pennsylvania",2020-11-03,2020-10-16,2020-10-29,5786,2020-10-22,"SurveyMonkey",52,46
2020,"Pennsylvania",2020-11-03,2020-10-23,2020-10-28,419,2020-10-25,"Muhlenberg College",49,44
2020,"Pennsylvania",2020-11-03,2020-10-25,2020-10-27,800,2020-10-26,"RMG Research",51,45
2020,"Pennsylvania",2020-11-03,2020-10-23,2020-10-27,1324,2020-10-25,"Quinnipiac University",51,44
2020,"Pennsylvania",2020-11-03,2020-10-23,2020-10-26,1145,2020-10-24,"Civiqs",52,45
2020,"Pennsylvania",2020-11-03,2020-10-23,2020-10-26,491,2020-10-24,"Swayable",51.9,46.1
2020,"Pennsylvania",2020-11-03,2020-10-20,2020-10-26,655,2020-10-23,"Ipsos",50,45
2020,"Pennsylvania",2020-11-03,2020-10-20,2020-10-26,655,2020-10-23,"Ipsos",51,44
2020,"Pennsylvania",2020-11-03,2020-10-25,2020-10-25,400,2020-10-25,"Opinion Savvy/InsiderAdvantage",45.5,48.4
2020,"Pennsylvania",2020-11-03,2020-10-24,2020-10-25,1076,2020-10-24,"Trafalgar Group",47.6,48.4
2020,"Pennsylvania",2020-11-03,2020-10-24,2020-10-25,1000,2020-10-24,"Wick",46.9,49
2020,"Pennsylvania",2020-11-03,2020-10-19,2020-10-25,558,2020-10-22,"Franklin & Marshall College",50,44
2020,"Pennsylvania",2020-11-03,2020-10-17,2020-10-25,723,2020-10-21,"Univision/Latino Decisions/North Star Opinion Research",50,45
2020,"Pennsylvania",2020-11-03,2020-10-23,2020-10-23,602,2020-10-23,"Gravis Marketing",51,44
2020,"Pennsylvania",2020-11-03,2020-10-21,2020-10-22,890,2020-10-21,"Public Policy Polling",51,46
2020,"Pennsylvania",2020-11-03,2020-10-17,2020-10-21,1577,2020-10-19,"Civiqs",52,46
2020,"Pennsylvania",2020-11-03,2020-10-13,2020-10-21,669,2020-10-17,"YouGov",52,44
2020,"Pennsylvania",2020-11-03,2020-10-13,2020-10-21,736,2020-10-17,"YouGov",51,44
2020,"Pennsylvania",2020-11-03,2020-10-17,2020-10-20,1045,2020-10-18,"Fox News/Beacon Research/Shaw & Co. Research",50,45
2020,"Pennsylvania",2020-11-03,2020-10-17,2020-10-20,1106,2020-10-18,"Fox News/Beacon Research/Shaw & Co. Research",50,45
2020,"Pennsylvania",2020-11-03,2020-10-17,2020-10-20,1000,2020-10-18,"Citizen Data",43.99,38.67
2020,"Pennsylvania",2020-11-03,2020-10-15,2020-10-20,843,2020-10-17,"SSRS",53,43
2020,"Pennsylvania",2020-11-03,2020-10-15,2020-10-20,925,2020-10-17,"SSRS",50,45
2020,"Pennsylvania",2020-11-03,2020-10-13,2020-10-20,416,2020-10-16,"Muhlenberg College",51,44
2020,"Pennsylvania",2020-11-03,2020-10-11,2020-10-20,2563,2020-10-15,"Morning Consult",52,43
2020,"Pennsylvania",2020-11-03,2020-10-18,2020-10-19,800,2020-10-18,"Rasmussen Reports/Pulse Opinion Research",50,47
2020,"Pennsylvania",2020-11-03,2020-10-16,2020-10-19,574,2020-10-17,"Change Research",49,47
2020,"Pennsylvania",2020-11-03,2020-10-16,2020-10-19,1241,2020-10-17,"Quinnipiac University",51,43
2020,"Pennsylvania",2020-11-03,2020-10-15,2020-10-19,500,2020-10-17,"Suffolk University",48.6,42.4
2020,"Pennsylvania",2020-11-03,2020-10-13,2020-10-19,653,2020-10-16,"Ipsos",49,45
2020,"Pennsylvania",2020-11-03,2020-10-13,2020-10-19,653,2020-10-16,"Ipsos",49,45
2020,"Pennsylvania",2020-11-03,2020-10-13,2020-10-15,1041,2020-10-14,"Trafalgar Group",47.5,46.4
2020,"Pennsylvania",2020-11-03,2020-10-12,2020-10-15,992,2020-10-13,"Harris Insights & Analytics",51,46
2020,"Pennsylvania",2020-11-03,2020-10-12,2020-10-13,400,2020-10-12,"Opinion Savvy/InsiderAdvantage",45.8,42.6
2020,"Pennsylvania",2020-11-03,2020-10-10,2020-10-13,1289,2020-10-11,"Redfield & Wilton Strategies",51,43
2020,"Pennsylvania",2020-11-03,2020-10-10,2020-10-12,1034,2020-10-11,"Trafalgar Group",47.4,45.1
2020,"Pennsylvania",2020-11-03,2020-10-07,2020-10-12,800,2020-10-09,"RMG Research",49,43
2020,"Pennsylvania",2020-11-03,2020-10-08,2020-10-11,600,2020-10-09,"Civiqs",52,45
2020,"Pennsylvania",2020-11-03,2020-10-06,2020-10-11,622,2020-10-08,"Ipsos",51,44
2020,"Pennsylvania",2020-11-03,2020-10-06,2020-10-11,622,2020-10-08,"Ipsos",51,45
2020,"Pennsylvania",2020-11-03,2020-10-09,2020-10-10,1145,2020-10-09,"Redfield & Wilton Strategies",49,44
2020,"Pennsylvania",2020-11-03,2020-10-05,2020-10-09,517,2020-10-07,"Whitman Insight Strategies",51,46
2020,"Pennsylvania",2020-11-03,2020-10-04,2020-10-06,927,2020-10-05,"Redfield & Wilton Strategies",49,42
2020,"Pennsylvania",2020-11-03,2020-10-04,2020-10-05,688,2020-10-04,"Emerson College",50.8,47.4
2020,"Rhode Island",2020-11-03,2020-10-20,2020-11-01,517,2020-10-26,"SurveyMonkey",62,36
2020,"Rhode Island",2020-11-03,2020-10-20,2020-11-01,517,2020-10-26,"SurveyMonkey",62,36
2020,"Rhode Island",2020-11-03,2020-10-18,2020-10-31,551,2020-10-24,"SurveyMonkey",63,35
2020,"Rhode Island",2020-11-03,2020-10-18,2020-10-31,551,2020-10-24,"SurveyMonkey",62,36
2020,"Rhode Island",2020-11-03,2020-10-17,2020-10-30,547,2020-10-23,"SurveyMonkey",63,34
2020,"Rhode Island",2020-11-03,2020-10-17,2020-10-30,547,2020-10-23,"SurveyMonkey",63,35
2020,"Rhode Island",2020-11-03,2020-10-16,2020-10-29,569,2020-10-22,"SurveyMonkey",63,34
2020,"Rhode Island",2020-11-03,2020-10-16,2020-10-29,569,2020-10-22,"SurveyMonkey",63,35
2020,"South Carolina",2020-11-03,2020-10-27,2020-11-01,880,2020-10-29,"Data for Progress",44,53
2020,"South Carolina",2020-11-03,2020-10-23,2020-11-01,426,2020-10-27,"Swayable",48.9,49.8
2020,"South Carolina",2020-11-03,2020-10-20,2020-11-01,2266,2020-10-26,"SurveyMonkey",44,53
2020,"South Carolina",2020-11-03,2020-10-20,2020-11-01,2266,2020-10-26,"SurveyMonkey",43,55
2020,"South Carolina",2020-11-03,2020-10-22,2020-10-31,904,2020-10-26,"Morning Consult",44.5,51.1
2020,"South Carolina",2020-11-03,2020-10-18,2020-10-31,2444,2020-10-24,"SurveyMonkey",45,52
2020,"South Carolina",2020-11-03,2020-10-18,2020-10-31,2444,2020-10-24,"SurveyMonkey",43,54
2020,"South Carolina",2020-11-03,2020-10-17,2020-10-30,2443,2020-10-23,"SurveyMonkey",45,52
2020,"South Carolina",2020-11-03,2020-10-17,2020-10-30,2443,2020-10-23,"SurveyMonkey",44,54
2020,"South Carolina",2020-11-03,2020-10-16,2020-10-29,2501,2020-10-22,"SurveyMonkey",45,52
2020,"South Carolina",2020-11-03,2020-10-16,2020-10-29,2501,2020-10-22,"SurveyMonkey",44,54
2020,"South Carolina",2020-11-03,2020-10-22,2020-10-27,1196,2020-10-24,"Data for Progress",44,50
2020,"South Carolina",2020-11-03,2020-10-26,2020-10-26,800,2020-10-26,"Starboard Communications",43.9,51.2
2020,"South Carolina",2020-11-03,2020-10-24,2020-10-25,763,2020-10-24,"East Carolina University",44.3,52.03
2020,"South Carolina",2020-11-03,2020-10-11,2020-10-20,926,2020-10-15,"Morning Consult",45,51
2020,"South Carolina",2020-11-03,2020-10-09,2020-10-14,605,2020-10-11,"Siena College/The New York Times Upshot",41,49
2020,"South Carolina",2020-11-03,2020-10-08,2020-10-11,801,2020-10-09,"Data for Progress",43,52
2020,"South Dakota",2020-11-03,2020-10-20,2020-11-01,556,2020-10-26,"SurveyMonkey",37,61
2020,"South Dakota",2020-11-03,2020-10-20,2020-11-01,556,2020-10-26,"SurveyMonkey",36,62
2020,"South Dakota",2020-11-03,2020-10-18,2020-10-31,597,2020-10-24,"SurveyMonkey",38,60
2020,"South Dakota",2020-11-03,2020-10-18,2020-10-31,597,2020-10-24,"SurveyMonkey",36,62
2020,"South Dakota",2020-11-03,2020-10-17,2020-10-30,594,2020-10-23,"SurveyMonkey",38,60
2020,"South Dakota",2020-11-03,2020-10-17,2020-10-30,594,2020-10-23,"SurveyMonkey",37,61
2020,"South Dakota",2020-11-03,2020-10-16,2020-10-29,609,2020-10-22,"SurveyMonkey",39,59
2020,"South Dakota",2020-11-03,2020-10-16,2020-10-29,609,2020-10-22,"SurveyMonkey",38,61
2020,"South Dakota",2020-11-03,2020-10-24,2020-10-28,484,2020-10-26,"Nielson Brothers Polling",40,55
2020,"South Dakota",2020-11-03,2020-10-19,2020-10-21,625,2020-10-20,"Mason-Dixon Polling & Strategy",40,51
2020,"Tennessee",2020-11-03,2020-10-23,2020-11-01,485,2020-10-27,"Swayable",40.9,57.6
2020,"Tennessee",2020-11-03,2020-10-20,2020-11-01,2943,2020-10-26,"SurveyMonkey",47,51
2020,"Tennessee",2020-11-03,2020-10-20,2020-11-01,2943,2020-10-26,"SurveyMonkey",45,54
2020,"Tennessee",2020-11-03,2020-10-18,2020-10-31,3030,2020-10-24,"SurveyMonkey",45,53
2020,"Tennessee",2020-11-03,2020-10-18,2020-10-31,3030,2020-10-24,"SurveyMonkey",43,55
2020,"Tennessee",2020-11-03,2020-10-17,2020-10-30,3049,2020-10-23,"SurveyMonkey",45,53
2020,"Tennessee",2020-11-03,2020-10-17,2020-10-30,3049,2020-10-23,"SurveyMonkey",43,56
2020,"Tennessee",2020-11-03,2020-10-16,2020-10-29,3052,2020-10-22,"SurveyMonkey",45,53
2020,"Tennessee",2020-11-03,2020-10-16,2020-10-29,3052,2020-10-22,"SurveyMonkey",43,56
2020,"Texas",2020-11-03,2020-10-27,2020-11-02,1151,2020-10-30,"Swayable",47.2,51.2
2020,"Texas",2020-11-03,2020-10-27,2020-11-01,926,2020-10-29,"Data for Progress",49,48
2020,"Texas",2020-11-03,2020-10-20,2020-11-01,8250,2020-10-26,"SurveyMonkey",50,48
2020,"Texas",2020-11-03,2020-10-20,2020-11-01,8250,2020-10-26,"SurveyMonkey",47,51
2020,"Texas",2020-11-03,2020-10-30,2020-10-31,962,2020-10-30,"AtlasIntel",47.3,50
2020,"Texas",2020-11-03,2020-10-29,2020-10-31,763,2020-10-30,"Emerson College",48.7,49.7
2020,"Texas",2020-11-03,2020-10-22,2020-10-31,3267,2020-10-26,"Morning Consult",48.1,48.1
2020,"Texas",2020-11-03,2020-10-17,2020-10-31,8692,2020-10-24,"SurveyMonkey",50,48
2020,"Texas",2020-11-03,2020-10-17,2020-10-31,8692,2020-10-24,"SurveyMonkey",47,51
2020,"Texas",2020-11-03,2020-10-16,2020-10-30,8616,2020-10-23,"SurveyMonkey",50,48
2020,"Texas",2020-11-03,2020-10-16,2020-10-30,8616,2020-10-23,"SurveyMonkey",47,51
2020,"Texas",2020-11-03,2020-10-28,2020-10-29,775,2020-10-28,"Public Policy Polling",50,48
2020,"Texas",2020-11-03,2020-10-16,2020-10-29,8648,2020-10-22,"SurveyMonkey",50,48
2020,"Texas",2020-11-03,2020-10-16,2020-10-29,8648,2020-10-22,"SurveyMonkey",47,51
2020,"Texas",2020-11-03,2020-10-27,2020-10-28,800,2020-10-27,"RMG Research",46,50
2020,"Texas",2020-11-03,2020-10-27,2020-10-28,670,2020-10-27,"Gravis Marketing",45,50
2020,"Texas",2020-11-03,2020-10-23,2020-10-26,552,2020-10-24,"Swayable",47.5,48.6
2020,"Texas",2020-11-03,2020-10-20,2020-10-26,873,2020-10-23,"University of Massachusetts Lowell",47,48
2020,"Texas",2020-11-03,2020-10-22,2020-10-25,1018,2020-10-23,"Data for Progress",49,48
2020,"Texas",2020-11-03,2020-10-20,2020-10-25,802,2020-10-22,"Siena College/The New York Times Upshot",43,47
2020,"Texas",2020-11-03,2020-10-17,2020-10-25,758,2020-10-21,"Univision/Latino Decisions/North Star Opinion Research",46,49
2020,"Texas",2020-11-03,2020-10-17,2020-10-20,1000,2020-10-18,"Citizen Data",48.91,45.02
2020,"Texas",2020-11-03,2020-10-13,2020-10-20,1012,2020-10-16,"University of Texas at Tyler",46,44
2020,"Texas",2020-11-03,2020-10-13,2020-10-20,925,2020-10-16,"University of Texas at Tyler",48,45
2020,"Texas",2020-11-03,2020-10-13,2020-10-20,1000,2020-10-16,"YouGov",44.7,50
2020,"Texas",2020-11-03,2020-10-11,2020-10-20,3347,2020-10-15,"Morning Consult",48,47
2020,"Texas",2020-11-03,2020-10-16,2020-10-19,1145,2020-10-17,"Quinnipiac University",47,47
2020,"Texas",2020-11-03,2020-10-15,2020-10-18,933,2020-10-16,"Data for Progress",47,46
2020,"Texas",2020-11-03,2020-10-07,2020-10-08,721,2020-10-07,"Public Policy Polling",50,49
2020,"Texas",2020-11-03,2020-10-05,2020-10-06,1000,2020-10-05,"Rasmussen Reports/Pulse Opinion Research",44,51
2020,"Utah",2020-11-03,2020-10-20,2020-11-01,1435,2020-10-26,"SurveyMonkey",43,54
2020,"Utah",2020-11-03,2020-10-20,2020-11-01,1435,2020-10-26,"SurveyMonkey",44,54
2020,"Utah",2020-11-03,2020-10-18,2020-10-31,1519,2020-10-24,"SurveyMonkey",43,54
2020,"Utah",2020-11-03,2020-10-18,2020-10-31,1519,2020-10-24,"SurveyMonkey",43,55
2020,"Utah",2020-11-03,2020-10-17,2020-10-30,1511,2020-10-23,"SurveyMonkey",43,54
2020,"Utah",2020-11-03,2020-10-17,2020-10-30,1511,2020-10-23,"SurveyMonkey",43,55
2020,"Utah",2020-11-03,2020-10-16,2020-10-29,1517,2020-10-22,"SurveyMonkey",43,54
2020,"Utah",2020-11-03,2020-10-16,2020-10-29,1517,2020-10-22,"SurveyMonkey",44,54
2020,"Utah",2020-11-03,2020-10-15,2020-10-24,660,2020-10-19,"Y2 Analytics",44,51
2020,"Utah",2020-11-03,2020-10-12,2020-10-17,1000,2020-10-14,"RMG Research",38,50
2020,"Vermont",2020-11-03,2020-10-20,2020-11-01,719,2020-10-26,"SurveyMonkey",70,28
2020,"Vermont",2020-11-03,2020-10-20,2020-11-01,719,2020-10-26,"SurveyMonkey",71,26
2020,"Vermont",2020-11-03,2020-10-18,2020-10-31,737,2020-10-24,"SurveyMonkey",69,28
2020,"Vermont",2020-11-03,2020-10-18,2020-10-31,737,2020-10-24,"SurveyMonkey",71,27
2020,"Vermont",2020-11-03,2020-10-17,2020-10-30,734,2020-10-23,"SurveyMonkey",69,29
2020,"Vermont",2020-11-03,2020-10-17,2020-10-30,734,2020-10-23,"SurveyMonkey",70,28
2020,"Vermont",2020-11-03,2020-10-16,2020-10-29,749,2020-10-22,"SurveyMonkey",68,30
2020,"Vermont",2020-11-03,2020-10-16,2020-10-29,749,2020-10-22,"SurveyMonkey",69,29
2020,"Vermont",2020-11-03,2020-10-19,2020-10-20,584,2020-10-19,"co/efficient",62,32
2020,"Virginia",2020-11-03,2020-10-27,2020-11-01,690,2020-10-29,"Data for Progress",54,43
2020,"Virginia",2020-11-03,2020-10-27,2020-11-01,467,2020-10-29,"Swayable",56.3,41.3
2020,"Virginia",2020-11-03,2020-10-20,2020-11-01,4145,2020-10-26,"SurveyMonkey",57,40
2020,"Virginia",2020-11-03,2020-10-20,2020-11-01,4145,2020-10-26,"SurveyMonkey",57,41
2020,"Virginia",2020-11-03,2020-10-18,2020-10-31,4390,2020-10-24,"SurveyMonkey",57,40
2020,"Virginia",2020-11-03,2020-10-18,2020-10-31,4390,2020-10-24,"SurveyMonkey",56,42
2020,"Virginia",2020-11-03,2020-10-17,2020-10-30,4326,2020-10-23,"SurveyMonkey",57,40
2020,"Virginia",2020-11-03,2020-10-17,2020-10-30,4326,2020-10-23,"SurveyMonkey",56,42
2020,"Virginia",2020-11-03,2020-10-23,2020-10-29,802,2020-10-26,"Roanoke College",53,42
2020,"Virginia",2020-11-03,2020-10-16,2020-10-29,4330,2020-10-22,"SurveyMonkey",57,40
2020,"Virginia",2020-11-03,2020-10-16,2020-10-29,4330,2020-10-22,"SurveyMonkey",56,42
2020,"Virginia",2020-11-03,2020-10-15,2020-10-27,908,2020-10-21,"Christopher Newport University",53,41
2020,"Virginia",2020-11-03,2020-10-23,2020-10-26,351,2020-10-24,"Swayable",55.2,44.3
2020,"Virginia",2020-11-03,2020-10-13,2020-10-22,709,2020-10-17,"Virginia Commonwealth University",51,39
2020,"Virginia",2020-11-03,2020-10-13,2020-10-19,908,2020-10-16,"ABC News/The Washington Post",52,41
2020,"Virginia",2020-11-03,2020-10-11,2020-10-14,1231,2020-10-12,"Civiqs",55,42
2020,"Virginia",2020-11-03,2020-10-09,2020-10-11,607,2020-10-10,"Cygnal",51.2,42.2
2020,"Washington",2020-11-03,2020-10-23,2020-11-01,489,2020-10-27,"Swayable",58.9,38.6
2020,"Washington",2020-11-03,2020-10-20,2020-11-01,3666,2020-10-26,"SurveyMonkey",62,35
2020,"Washington",2020-11-03,2020-10-20,2020-11-01,3666,2020-10-26,"SurveyMonkey",62,36
2020,"Washington",2020-11-03,2020-10-18,2020-10-31,3931,2020-10-24,"SurveyMonkey",62,35
2020,"Washington",2020-11-03,2020-10-18,2020-10-31,3931,2020-10-24,"SurveyMonkey",62,36
2020,"Washington",2020-11-03,2020-10-17,2020-10-30,3899,2020-10-23,"SurveyMonkey",62,35
2020,"Washington",2020-11-03,2020-10-17,2020-10-30,3899,2020-10-23,"SurveyMonkey",62,36
2020,"Washington",2020-11-03,2020-10-16,2020-10-29,3911,2020-10-22,"SurveyMonkey",62,35
2020,"Washington",2020-11-03,2020-10-16,2020-10-29,3911,2020-10-22,"SurveyMonkey",62,35
2020,"Washington",2020-11-03,2020-10-14,2020-10-15,610,2020-10-14,"Public Policy Polling",60,37
2020,"Washington",2020-11-03,2020-10-08,2020-10-12,591,2020-10-10,"SurveyUSA",55,34
2020,"West Virginia",2020-11-03,2020-10-20,2020-11-01,738,2020-10-26,"SurveyMonkey",31,67
2020,"West Virginia",2020-11-03,2020-10-20,2020-11-01,738,2020-10-26,"SurveyMonkey",32,67
2020,"West Virginia",2020-11-03,2020-10-18,2020-10-31,798,2020-10-24,"SurveyMonkey",32,67
2020,"West Virginia",2020-11-03,2020-10-18,2020-10-31,798,2020-10-24,"SurveyMonkey",33,66
2020,"West Virginia",2020-11-03,2020-10-17,2020-10-30,805,2020-10-23,"SurveyMonkey",32,67
2020,"West Virginia",2020-11-03,2020-10-17,2020-10-30,805,2020-10-23,"SurveyMonkey",32,66
2020,"West Virginia",2020-11-03,2020-10-16,2020-10-29,791,2020-10-22,"SurveyMonkey",32,67
2020,"West Virginia",2020-11-03,2020-10-16,2020-10-29,791,2020-10-22,"SurveyMonkey",32,67
2020,"West Virginia",2020-11-03,2020-10-19,2020-10-20,544,2020-10-19,"Triton Polling & Research",37.9,58
2020,"Wisconsin",2020-11-03,2020-10-31,2020-11-01,450,2020-10-31,"Research Co.",50,42
2020,"Wisconsin",2020-11-03,2020-10-29,2020-11-01,789,2020-10-30,"Civiqs",51,47
2020,"Wisconsin",2020-11-03,2020-10-29,2020-11-01,553,2020-10-30,"Change Research",53,45
2020,"Wisconsin",2020-11-03,2020-10-27,2020-11-01,696,2020-10-29,"Ipsos",53,45
2020,"Wisconsin",2020-11-03,2020-10-27,2020-11-01,696,2020-10-29,"Ipsos",53,43
2020,"Wisconsin",2020-11-03,2020-10-27,2020-11-01,253,2020-10-29,"Swayable",54.6,44.9
2020,"Wisconsin",2020-11-03,2020-10-20,2020-11-01,2475,2020-10-26,"SurveyMonkey",55,43
2020,"Wisconsin",2020-11-03,2020-10-20,2020-11-01,2475,2020-10-26,"SurveyMonkey",54,44
2020,"Wisconsin",2020-11-03,2020-10-30,2020-10-31,781,2020-10-30,"AtlasIntel",50.6,48.7
2020,"Wisconsin",2020-11-03,2020-10-29,2020-10-31,450,2020-10-30,"Susquehanna Polling & Research Inc.",49,46
2020,"Wisconsin",2020-11-03,2020-10-22,2020-10-31,1002,2020-10-26,"Morning Consult",53.8,40.5
2020,"Wisconsin",2020-11-03,2020-10-18,2020-10-31,2554,2020-10-24,"SurveyMonkey",55,43
2020,"Wisconsin",2020-11-03,2020-10-18,2020-10-31,2554,2020-10-24,"SurveyMonkey",54,44
2020,"Wisconsin",2020-11-03,2020-10-29,2020-10-30,751,2020-10-29,"Emerson College",52.7,45.4
2020,"Wisconsin",2020-11-03,2020-10-26,2020-10-30,1253,2020-10-28,"Siena College/The New York Times Upshot",52,41
2020,"Wisconsin",2020-11-03,2020-10-23,2020-10-30,873,2020-10-26,"SSRS",52,44
2020,"Wisconsin",2020-11-03,2020-10-23,2020-10-30,920,2020-10-26,"SSRS",51,44
2020,"Wisconsin",2020-11-03,2020-10-17,2020-10-30,2509,2020-10-23,"SurveyMonkey",54,43
2020,"Wisconsin",2020-11-03,2020-10-17,2020-10-30,2509,2020-10-23,"SurveyMonkey",54,44
2020,"Wisconsin",2020-11-03,2020-10-26,2020-10-29,800,2020-10-27,"Redfield & Wilton Strategies",53,41
2020,"Wisconsin",2020-11-03,2020-10-16,2020-10-29,2456,2020-10-22,"SurveyMonkey",54,43
2020,"Wisconsin",2020-11-03,2020-10-16,2020-10-29,2456,2020-10-22,"SurveyMonkey",53,44
2020,"Wisconsin",2020-11-03,2020-10-23,2020-10-26,313,2020-10-24,"Swayable",53.7,44.9
2020,"Wisconsin",2020-11-03,2020-10-20,2020-10-26,664,2020-10-23,"Ipsos",53,44
2020,"Wisconsin",2020-11-03,2020-10-20,2020-10-26,664,2020-10-23,"Ipsos",53,44
2020,"Wisconsin",2020-11-03,2020-10-24,2020-10-25,1082,2020-10-24,"Trafalgar Group",47.5,47.1
2020,"Wisconsin",2020-11-03,2020-10-21,2020-10-25,749,2020-10-23,"Marquette University Law School",48,43
2020,"Wisconsin",2020-11-03,2020-10-21,2020-10-25,806,2020-10-23,"Marquette University Law School",47,43
2020,"Wisconsin",2020-11-03,2020-10-20,2020-10-25,906,2020-10-22,"ABC News/The Washington Post",56,39
2020,"Wisconsin",2020-11-03,2020-10-20,2020-10-25,809,2020-10-22,"ABC News/The Washington Post",57,40
2020,"Wisconsin",2020-11-03,2020-10-23,2020-10-23,677,2020-10-23,"Gravis Marketing",54,43
2020,"Wisconsin",2020-11-03,2020-10-13,2020-10-21,647,2020-10-17,"YouGov",53,44
2020,"Wisconsin",2020-11-03,2020-10-13,2020-10-21,716,2020-10-17,"YouGov",51,43
2020,"Wisconsin",2020-11-03,2020-10-17,2020-10-20,1037,2020-10-18,"Fox News/Beacon Research/Shaw & Co. Research",49,44
2020,"Wisconsin",2020-11-03,2020-10-17,2020-10-20,1100,2020-10-18,"Fox News/Beacon Research/Shaw & Co. Research",48,44
2020,"Wisconsin",2020-11-03,2020-10-14,2020-10-20,800,2020-10-17,"RMG Research",50,44
2020,"Wisconsin",2020-11-03,2020-10-11,2020-10-20,1038,2020-10-15,"Morning Consult",54,42
2020,"Wisconsin",2020-11-03,2020-10-16,2020-10-19,447,2020-10-17,"Change Research",52,44
2020,"Wisconsin",2020-11-03,2020-10-16,2020-10-19,500,2020-10-17,"Susquehanna Polling & Research Inc.",45,45
2020,"Wisconsin",2020-11-03,2020-10-14,2020-10-19,400,2020-10-16,"Latino Decisions",50,45
2020,"Wisconsin",2020-11-03,2020-10-13,2020-10-19,663,2020-10-16,"Ipsos",51,43
2020,"Wisconsin",2020-11-03,2020-10-13,2020-10-19,663,2020-10-16,"Ipsos",51,45
2020,"Wisconsin",2020-11-03,2020-10-14,2020-10-16,1051,2020-10-15,"Trafalgar Group",47.6,46.3
2020,"Wisconsin",2020-11-03,2020-10-13,2020-10-16,1112,2020-10-14,"YouGov",51,46
2020,"Wisconsin",2020-11-03,2020-10-11,2020-10-13,1043,2020-10-12,"Trafalgar Group",47.3,45.4
2020,"Wisconsin",2020-11-03,2020-10-10,2020-10-13,200,2020-10-11,"David Binder Research",53,43
2020,"Wisconsin",2020-11-03,2020-10-10,2020-10-13,691,2020-10-11,"Redfield & Wilton Strategies",53,40
2020,"Wisconsin",2020-11-03,2020-10-08,2020-10-11,789,2020-10-09,"Siena College/The New York Times Upshot",51,41
2020,"Wisconsin",2020-11-03,2020-10-08,2020-10-11,560,2020-10-09,"Civiqs",53,45
2020,"Wisconsin",2020-11-03,2020-10-06,2020-10-11,577,2020-10-08,"Ipsos",51,44
2020,"Wisconsin",2020-11-03,2020-10-06,2020-10-11,577,2020-10-08,"Ipsos",52,45
2020,"Wisconsin",2020-11-03,2020-10-09,2020-10-10,613,2020-10-09,"Redfield & Wilton Strategies",49,45
2020,"Wisconsin",2020-11-03,2020-10-04,2020-10-07,688,2020-10-05,"Redfield & Wilton Strategies",51,41
2020,"Wyoming",2020-11-03,2020-10-20,2020-11-01,330,2020-10-26,"SurveyMonkey",33,66
2020,"Wyoming",2020-11-03,2020-10-20,2020-11-01,330,2020-10-26,"SurveyMonkey",33,66
2020,"Wyoming",2020-11-03,2020-10-18,2020-10-31,361,2020-10-24,"SurveyMonkey",33,65
2020,"Wyoming",2020-11-03,2020-10-18,2020-10-31,361,2020-10-24,"SurveyMonkey",34,65
2020,"Wyoming",2020-11-03,2020-10-17,2020-10-30,378,2020-10-23,"SurveyMonkey",32,66
2020,"Wyoming",2020-11-03,2020-10-17,2020-10-30,378,2020-10-23,"SurveyMonkey",33,65
2020,"Wyoming",2020-11-03,2020-10-16,2020-10-29,394,2020-10-22,"SurveyMonkey",32,66
2020,"Wyoming",2020-11-03,2020-10-16,2020-10-29,394,2020-10-22,"SurveyMonkey",33,66
2020,"Wyoming",2020-11-03,2020-10-08,2020-10-28,614,2020-10-18,"University of Wyoming",31,59
